longitude,latitude,risk_2030
73.011,8.107,0.35244297227190147
73.011,8.512,0.3669144996690586
73.011,8.556,0.49407932575375896
73.011,9.994,0.421098753588928
73.011,10.802,0.49407932575375896
73.011,11.296,0.35244297227190147
73.011,13.587,0.49407932575375896
73.011,13.991,0.5136664817170616
73.011,14.171,0.49407932575375896
73.011,14.216,0.40035975351216563
73.011,14.261,0.3853597535121656
73.011,14.44,0.5314185133197383
73.011,14.979,0.2738230824689472
73.011,15.024,0.49407932575375896
73.011,15.069,0.3669144996690586
73.011,15.114,0.6552556097651637
73.011,15.159,0.483927743892779
73.011,18.124,0.09284835322706998
73.011,18.303,0.0
73.011,18.348,0.08382308246894725
73.011,18.393,0.0
73.011,18.528,0.0
73.011,19.426,0.10273754537908532
73.011,20.369,0.09284835322706998
73.011,20.414,0.009025270758122744
73.011,20.459,0.009025270758122744
73.011,20.594,0.029101735775822302
73.011,20.639,0.009025270758122744
73.011,20.863,0.0
73.055,11.476,0.38077259754886283
73.055,13.587,0.49407932575375896
73.055,13.632,0.38098790855364756
73.055,14.126,0.4946246912450385
73.055,14.62,0.2838230824689472
73.055,14.71,0.5036664817170616
73.055,14.934,0.38557506451695034
73.055,15.069,0.6552556097651637
73.055,15.159,0.6552556097651637
73.055,17.944,0.10281206596332669
73.055,18.124,0.0
73.055,18.348,0.0
73.055,18.393,0.0
73.055,18.438,0.004512635379061372
73.055,18.528,0.009424226734660585
73.055,18.842,0.09333571784800862
73.055,19.201,0.10779924179689752
73.055,20.369,0.004512635379061372
73.055,20.594,0.08833571784800862
73.055,20.639,0.08382308246894725
73.055,20.684,0.0
73.1,8.467,0.5678216282775221
73.1,8.736,0.3669144996690586
73.1,9.724,0.4159210098679631
73.1,11.117,0.3669144996690586
73.1,11.97,0.38098790855364756
73.1,12.06,0.15687672729198496
73.1,13.542,0.4941834620211036
73.1,13.677,0.38098790855364756
73.1,13.991,0.49407932575375896
73.1,15.429,0.48414305489756365
73.1,17.944,0.0
73.1,18.079,0.08382308246894725
73.1,18.124,0.0
73.1,18.258,0.0
73.1,18.303,0.10304925748794261
73.1,18.528,0.0
73.1,18.887,0.10818767298640002
73.1,18.932,0.0
73.1,20.504,0.10281206596332669
73.1,20.549,0.1077921456446016
73.1,20.684,0.0
73.1,20.863,0.0
73.1,20.908,0.013748960480722508
73.1,20.953,0.09811585837595446
73.145,8.062,0.07842147168660608
73.145,8.781,0.07809141720011127
73.145,9.59,0.35244297227190147
73.145,10.263,0.49407932575375896
73.145,10.757,0.49505167245475457
73.145,11.431,0.37083632669266764
73.145,12.015,0.49407932575375896
73.145,13.812,0.5856475393022179
73.145,14.036,0.3669144996690586
73.145,14.261,0.6552556097651637
73.145,14.485,0.4986664817170617
73.145,14.934,0.5314185133197383
73.145,15.069,0.49407932575375896
73.145,15.159,0.5140569265501751
73.145,15.204,0.5364185133197383
73.145,17.674,0.10320498968129885
73.145,17.719,0.09284835322706998
73.145,17.764,0.004512635379061372
73.145,17.809,0.08833571784800862
73.145,17.854,0.0
73.145,17.944,0.0
73.145,18.034,0.0
73.145,18.168,0.0
73.145,18.213,0.08833571784800862
73.145,18.348,0.08382308246894725
73.145,18.483,0.004512635379061372
73.145,18.752,0.0
73.145,20.459,0.18758603618518183
73.145,20.549,0.0
73.145,20.594,0.08841023843225
73.145,20.639,0.08833571784800862
73.145,20.684,0.10281206596332669
73.145,20.863,0.004512635379061372
73.145,20.953,0.004512635379061372
73.19,8.107,0.07361988980295427
73.19,9.006,0.35244297227190147
73.19,9.724,0.35244297227190147
73.19,10.982,0.3718435217510775
73.19,11.835,0.4946246912450385
73.19,12.195,0.3669144996690586
73.19,13.991,0.7117078898145327
73.19,14.8,0.38098790855364756
73.19,14.845,0.6605881082699484
73.19,15.114,0.6552556097651637
73.19,15.249,0.49407932575375896
73.19,17.54,0.0
73.19,17.674,0.16173012001410914
73.19,17.719,0.0
73.19,17.809,0.0
73.19,17.944,0.0
73.19,17.989,0.08382308246894725
73.19,18.034,0.0
73.19,18.079,0.009520555075290912
73.19,18.124,0.08833571784800862
73.19,18.258,0.004512635379061372
73.19,18.348,0.08833571784800862
73.19,18.393,0.0
73.19,18.438,0.10304925748794261
73.19,19.112,0.0
73.19,20.459,0.08833571784800862
73.19,20.594,0.08841023843225
73.19,20.729,0.08833571784800862
73.19,20.863,0.09790295349258626
73.235,8.017,0.1619144996690585
73.235,8.062,0.15744297227190152
73.235,8.152,0.4846884203888432
73.235,8.197,0.07809141720011127
73.235,8.242,0.07361988980295427
73.235,8.512,0.16691449966905847
73.235,8.601,0.35244297227190147
73.235,8.646,0.49505167245475457
73.235,9.59,0.2838230824689472
73.235,9.634,0.1622445541555533
73.235,9.679,0.3669144996690586
73.235,9.904,0.3669144996690586
73.235,9.949,0.35244297227190147
73.235,12.195,0.3669144996690586
73.235,15.069,0.4986664817170617
73.235,15.159,0.49963882841805735
73.235,17.36,0.0
73.235,17.405,0.00493339911198816
73.235,17.45,0.0
73.235,17.495,0.08833571784800862
73.235,17.54,0.08833571784800862
73.235,17.585,0.10320498968129885
73.235,17.629,0.0
73.235,17.674,0.0
73.235,17.719,0.0
73.235,17.764,0.00493339911198816
73.235,17.809,0.0
73.235,17.854,0.0
73.235,17.944,0.09324730920360784
73.235,17.989,0.024190144420223093
73.235,18.034,0.08382308246894725
73.235,18.079,0.019226175018995387
73.235,18.124,0.0
73.235,18.168,0.00493339911198816
73.235,18.977,0.0
73.235,20.549,0.12279924179689752
73.235,20.594,0.10281206596332669
73.235,20.684,0.10281206596332669
73.235,20.818,0.014292775907007227
73.235,20.863,0.004512635379061372
73.235,20.953,0.004512635379061372
73.28,8.062,0.2840793257537588
73.28,8.242,0.424687060459001
73.28,8.422,0.07809141720011127
73.28,8.646,0.35244297227190147
73.28,9.365,0.0
73.28,9.5,0.3669144996690586
73.28,15.743,0.4986664817170617
73.28,17.135,0.09340753245845416
73.28,17.18,0.0
73.28,17.36,0.009446034491049532
73.28,17.405,0.0
73.28,17.45,0.0
73.28,17.495,0.0
73.28,17.54,0.08382308246894725
73.28,17.629,0.009520555075290912
73.28,17.719,0.0
73.28,17.809,0.09331579752928353
73.28,18.977,0.09284835322706998
73.28,19.067,0.09811585837595446
73.325,8.467,0.3669144996690586
73.325,8.646,0.42065680219282187
73.325,12.24,0.37233371819854766
73.325,14.261,0.5822082403778278
73.325,14.306,0.5604213848742773
73.325,14.665,0.39577259754886285
73.325,16.731,0.0
73.325,16.866,0.004512635379061372
73.325,16.911,0.004512635379061372
73.325,16.956,0.004512635379061372
73.325,17.046,0.0
73.325,17.09,0.0
73.325,17.135,0.0
73.325,17.225,0.0
73.325,17.27,0.0
73.325,17.315,0.08382308246894725
73.325,17.36,0.0
73.325,17.405,0.08833571784800862
73.325,17.45,0.10813838879328701
73.325,17.54,0.0
73.325,17.629,0.0
73.325,17.674,0.0
73.325,17.764,0.0
73.325,17.809,0.004512635379061372
73.325,17.944,0.18258603618518182
73.325,20.729,0.10281206596332669
73.325,20.774,0.10281206596332669
73.325,20.818,0.018988983494379465
73.325,20.953,0.10304925748794261
73.37,8.107,0.19080160877609115
73.37,8.467,0.19080160877609115
73.37,8.556,0.3669144996690586
73.37,8.781,0.2058016087760911
73.37,8.826,0.1953887647393939
73.37,8.871,0.07809141720011127
73.37,9.41,0.2838230824689472
73.37,9.679,0.38098790855364756
73.37,9.949,0.3669144996690586
73.37,14.261,0.6702556097651636
73.37,16.551,0.0
73.37,16.776,0.0
73.37,16.821,0.08833571784800862
73.37,16.956,0.0
73.37,17.046,0.08833571784800862
73.37,17.09,0.09324730920360784
73.37,17.135,0.10813838879328701
73.37,17.225,0.0
73.37,17.315,0.0
73.37,17.36,0.0
73.37,17.405,0.0
73.37,17.54,0.0
73.37,17.585,0.08833571784800862
73.37,17.674,0.0
73.37,17.719,0.08833571784800862
73.37,17.944,0.004512635379061372
73.37,18.079,0.09324730920360784
73.37,18.124,0.004512635379061372
73.37,18.303,0.09284835322706998
73.37,18.348,0.014401827531076715
73.37,18.528,0.1464977520580471
73.37,18.573,0.0
73.37,18.752,0.009025270758122744
73.37,20.729,0.09331579752928353
73.37,20.818,0.009520555075290912
73.415,8.242,0.07842147168660608
73.415,8.467,0.19080160877609115
73.415,8.556,0.3669144996690586
73.415,8.781,0.19080160877609115
73.415,9.724,0.19025624328481164
73.415,9.859,0.45022833589526845
73.415,9.994,0.19080160877609115
73.415,10.084,0.3669144996690586
73.415,10.173,0.35244297227190147
73.415,16.372,0.08833571784800862
73.415,16.596,0.0
73.415,16.776,0.08833571784800862
73.415,16.911,0.08833571784800862
73.415,16.956,0.0
73.415,17.135,0.009446034491049532
73.415,17.18,0.14192744906883073
73.415,17.315,0.0
73.415,17.54,0.004512635379061372
73.415,17.629,0.0
73.415,17.674,0.009424226734660585
73.415,17.764,0.08833571784800862
73.415,17.899,0.11265102417234839
73.415,18.303,0.0
73.415,18.348,0.09284835322706998
73.415,18.393,0.0
73.415,18.438,0.0
73.415,18.483,0.09284835322706998
73.415,18.528,0.029101735775822302
73.415,18.663,0.0
73.415,18.707,0.009025270758122744
73.415,18.842,0.009025270758122744
73.415,18.887,0.0
73.46,8.242,0.2838230824689472
73.46,8.287,0.49505167245475457
73.46,8.332,0.17077259754886293
73.46,8.422,0.09216482608470036
73.46,8.691,0.4986664817170617
73.46,8.736,0.12716377421036942
73.46,8.781,0.49407932575375896
73.46,8.826,0.3669144996690586
73.46,8.871,0.07809141720011127
73.46,9.006,0.1268337197238746
73.46,9.051,0.08335049376862502
73.46,9.095,0.49407932575375896
73.46,9.14,0.35244297227190147
73.46,14.216,0.7116747074526237
73.46,16.327,0.0
73.46,16.417,0.004512635379061372
73.46,16.596,0.0
73.46,16.731,0.0
73.46,16.776,0.0
73.46,16.821,0.0
73.46,16.911,0.08382308246894725
73.46,16.956,0.0
73.46,17.046,0.0
73.46,17.09,0.0
73.46,17.135,0.0
73.46,17.18,0.16673012001410914
73.46,17.225,0.0
73.46,17.315,0.09822491000002395
73.46,17.45,0.0
73.46,17.495,0.0
73.46,17.54,0.0
73.46,17.585,0.0
73.46,17.764,0.23100391455052766
73.46,17.809,0.08382308246894725
73.46,17.854,0.0
73.46,17.899,0.08382308246894725
73.46,18.168,0.0
73.46,18.303,0.029101735775822302
73.46,18.348,0.0
73.46,18.707,0.0
73.46,18.842,0.0
73.505,8.152,0.49505167245475457
73.505,8.197,0.49505167245475457
73.505,8.422,0.19047155428959633
73.505,8.467,0.3669144996690586
73.505,8.781,0.35244297227190147
73.505,9.006,0.5678216282775221
73.505,9.051,0.4601544442696527
73.505,9.275,0.35206302706954135
73.505,9.949,0.3669144996690586
73.505,10.084,0.4159210098679631
73.505,10.712,0.3669144996690586
73.505,14.126,0.5822082403778278
73.505,14.261,0.6475540016106166
73.505,16.102,0.0
73.505,16.192,0.0
73.505,16.417,0.0
73.505,16.507,0.0
73.505,16.596,0.0
73.505,16.641,0.0
73.505,16.686,0.0
73.505,16.731,0.0
73.505,16.776,0.0
73.505,16.821,0.0
73.505,16.866,0.0
73.505,16.911,0.0
73.505,16.956,0.09331579752928353
73.505,17.001,0.0
73.505,17.046,0.08833571784800862
73.505,17.09,0.0
73.505,17.135,0.0
73.505,17.18,0.08382308246894725
73.505,17.225,0.0
73.505,17.674,0.10320498968129885
73.505,17.719,0.09331579752928353
73.505,17.764,0.0
73.505,17.809,0.014005350439397643
73.505,17.854,0.0
73.505,17.899,0.0
73.505,17.944,0.09782843290834489
73.505,18.438,0.0
73.505,18.887,0.0
73.55,8.062,0.49407932575375896
73.55,8.152,0.37336699376880167
73.55,8.242,0.6566170126446893
73.55,8.332,0.49505167245475457
73.55,8.377,0.3669144996690586
73.55,8.422,0.49407932575375896
73.55,8.556,0.49407932575375896
73.55,8.691,0.18086533791989592
73.55,8.781,0.3669144996690586
73.55,9.051,0.3669144996690586
73.55,9.185,0.3433669937688017
73.55,9.455,0.49505167245475457
73.55,9.59,0.35244297227190147
73.55,9.859,0.35244297227190147
73.55,10.084,0.2738230824689472
73.55,10.129,0.38077259754886283
73.55,10.443,0.49963882841805735
73.55,15.968,0.0
73.55,16.102,0.004512635379061372
73.55,16.147,0.0
73.55,16.282,0.0
73.55,16.417,0.0
73.55,16.507,0.0
73.55,16.596,0.004512635379061372
73.55,16.641,0.0
73.55,16.686,0.004512635379061372
73.55,16.731,0.08833571784800862
73.55,16.776,0.0
73.55,16.821,0.0
73.55,16.956,0.0
73.55,17.001,0.0
73.55,17.046,0.0
73.55,17.09,0.0
73.55,17.135,0.0
73.55,17.18,0.004512635379061372
73.55,17.225,0.009492715060336271
73.55,17.315,0.004512635379061372
73.55,17.629,0.0
73.55,17.719,0.0
73.55,17.854,0.028827941703401142
73.55,17.944,0.09284835322706998
73.55,18.303,0.0
73.55,18.438,0.009025270758122744
73.55,18.483,0.0
73.55,18.618,0.10756189286700399
73.55,18.977,0.18633040626976552
73.55,19.022,0.009025270758122744
73.55,19.067,0.0
73.55,19.112,0.0
73.55,19.157,0.0
73.594,8.062,0.5327799161992639
73.594,8.242,0.49407932575375896
73.594,8.287,0.5936856460153919
73.594,8.377,0.5870313413853273
73.594,8.422,0.49963882841805735
73.594,8.467,0.49407932575375896
73.594,8.512,0.08716482608470036
73.594,8.646,0.5105970379460341
73.594,8.961,0.49505167245475457
73.594,9.14,0.22552607402611208
73.594,9.23,0.38077259754886283
73.594,9.634,0.2838230824689472
73.594,9.949,0.1619144996690585
73.594,10.039,0.07842147168660608
73.594,10.443,0.3669144996690586
73.594,10.667,0.1619144996690585
73.594,10.757,0.3669144996690586
73.594,15.968,0.0
73.594,16.012,0.0
73.594,16.057,0.0
73.594,16.102,0.0
73.594,16.147,0.0
73.594,16.192,0.0
73.594,16.282,0.0
73.594,16.327,0.0
73.594,16.372,0.0
73.594,16.417,0.0
73.594,16.462,0.0
73.594,16.507,0.0
73.594,16.551,0.08382308246894725
73.594,16.596,0.0
73.594,16.641,0.0
73.594,16.686,0.0
73.594,16.821,0.019381907212351616
73.594,16.911,0.14192744906883073
73.594,17.001,0.0
73.594,17.046,0.0
73.594,17.36,0.009492715060336271
73.594,17.405,0.0
73.594,17.674,0.0
73.594,17.719,0.0
73.594,17.764,0.0
73.594,17.854,0.009025270758122744
73.594,17.899,0.0
73.594,17.944,0.0
73.594,18.168,0.10809593805722936
73.594,18.258,0.0
73.594,19.067,0.0
73.594,19.112,0.08382308246894725
73.639,8.017,0.3669144996690586
73.639,8.242,0.3669144996690586
73.639,8.287,0.5433669937688017
73.639,8.377,0.07809141720011127
73.639,8.422,0.49407932575375896
73.639,8.467,0.19080160877609115
73.639,8.556,0.07842147168660608
73.639,8.646,0.5640126247804887
73.639,8.826,0.3669144996690586
73.639,9.051,0.3669144996690586
73.639,9.095,0.1268337197238746
73.639,9.14,0.42065680219282187
73.639,9.275,0.2838230824689472
73.639,9.634,0.19025624328481164
73.639,9.814,0.258998545808575
73.639,9.904,0.49407932575375896
73.639,9.994,0.07809141720011127
73.639,10.039,0.07394994428944908
73.639,10.173,0.49407932575375896
73.639,10.308,0.3669144996690586
73.639,10.353,0.49407932575375896
73.639,10.443,0.5105970379460341
73.639,10.757,0.38077259754886283
73.639,14.396,0.6622795656359689
73.639,14.485,0.5136664817170616
73.639,15.878,0.0
73.639,15.968,0.0
73.639,16.012,0.004512635379061372
73.639,16.147,0.0
73.639,16.192,0.0
73.639,16.237,0.0
73.639,16.282,0.0
73.639,16.327,0.0
73.639,16.372,0.06394456911391315
73.639,16.507,0.08833571784800862
73.639,16.686,0.004512635379061372
73.639,16.866,0.0
73.639,16.911,0.009492715060336271
73.639,17.046,0.05351234818171267
73.639,17.135,0.0
73.639,17.18,0.0
73.639,17.225,0.0
73.639,17.27,0.0
73.639,17.315,0.0
73.639,17.36,0.0
73.639,17.405,0.0
73.639,17.495,0.004512635379061372
73.639,17.585,0.004512635379061372
73.639,17.674,0.0
73.639,17.719,0.0
73.639,17.809,0.09782843290834489
73.639,17.899,0.0
73.639,17.944,0.0
73.639,17.989,0.0
73.639,18.079,0.09284835322706998
73.639,18.124,0.009025270758122744
73.639,18.168,0.0
73.639,18.213,0.18812931201452432
73.639,19.067,0.09284835322706998
73.639,19.112,0.08382308246894725
73.639,19.201,0.09284835322706998
73.639,20.953,0.10732470134238806
73.684,8.107,0.2838230824689472
73.684,8.512,0.5090793257537589
73.684,8.601,0.1652447098282623
73.684,8.691,0.4946246912450385
73.684,8.736,0.38098790855364756
73.684,8.781,0.36724455415555335
73.684,8.871,0.44966170980078873
73.684,8.916,0.3669144996690586
73.684,8.961,0.2838230824689472
73.684,9.006,0.3669144996690586
73.684,9.275,0.3715016556323613
73.684,9.41,0.25954391129985444
73.684,9.545,0.49407932575375896
73.684,9.724,0.07842147168660608
73.684,9.769,0.2738230824689472
73.684,9.859,0.5136664817170616
73.684,9.904,0.2838230824689472
73.684,10.218,0.2838230824689472
73.684,10.263,0.3669144996690586
73.684,10.802,0.028827941703401142
73.684,11.296,0.2838230824689472
73.684,13.946,0.5090793257537589
73.684,14.396,0.6602556097651637
73.684,15.743,0.004512635379061372
73.684,15.788,0.0
73.684,15.833,0.0
73.684,15.878,0.0
73.684,15.923,0.0
73.684,15.968,0.0
73.684,16.057,0.004512635379061372
73.684,16.102,0.0
73.684,16.147,0.0
73.684,16.192,0.0
73.684,16.237,0.0
73.684,16.282,0.08833571784800862
73.684,16.641,0.004512635379061372
73.684,16.686,0.0
73.684,16.731,0.0
73.684,16.776,0.0
73.684,16.821,0.019381907212351616
73.684,16.911,0.0
73.684,17.001,0.004512635379061372
73.684,17.046,0.0
73.684,17.09,0.0
73.684,17.135,0.0
73.684,17.18,0.009025270758122744
73.684,17.225,0.0
73.684,17.27,0.0
73.684,17.315,0.0
73.684,17.36,0.0
73.684,17.405,0.0
73.684,17.45,0.0
73.684,17.495,0.0
73.684,17.585,0.0
73.684,17.629,0.0
73.684,17.674,0.0
73.684,17.764,0.028827941703401142
73.684,17.854,0.0
73.684,17.899,0.0
73.684,17.944,0.0
73.684,17.989,0.0
73.684,18.034,0.0
73.684,18.124,0.0
73.684,18.168,0.0
73.684,18.213,0.09284835322706998
73.729,8.062,0.2838230824689472
73.729,8.107,0.22259543085079117
73.729,8.377,0.3959879085536475
73.729,8.467,0.5680369392823068
73.729,8.556,0.08216482608470037
73.729,8.781,0.49505167245475457
73.729,8.871,0.4942946367585436
73.729,8.916,0.3669144996690586
73.729,8.961,0.49888179272184635
73.729,9.051,0.5734035301454045
73.729,9.095,0.6552556097651637
73.729,9.185,0.018914462910138086
73.729,9.32,0.49407932575375896
73.729,9.724,0.14695061891760072
73.729,10.218,0.19080160877609115
73.729,10.578,0.3669144996690586
73.729,14.261,0.38077259754886283
73.729,15.653,0.09284835322706998
73.729,15.698,0.0
73.729,15.743,0.004512635379061372
73.729,15.788,0.0
73.729,15.878,0.0
73.729,15.923,0.0
73.729,16.012,0.004512635379061372
73.729,16.057,0.0
73.729,16.102,0.0
73.729,16.147,0.00493339911198816
73.729,16.192,0.004512635379061372
73.729,16.282,0.0
73.729,16.327,0.08833571784800862
73.729,16.372,0.08833571784800862
73.729,16.462,0.0
73.729,16.507,0.009492715060336271
73.729,16.551,0.004512635379061372
73.729,16.596,0.09331579752928353
73.729,16.641,0.004512635379061372
73.729,16.731,0.0
73.729,16.866,0.08833571784800862
73.729,16.911,0.0
73.729,17.001,0.0
73.729,17.046,0.0
73.729,17.09,0.0
73.729,17.135,0.0
73.729,17.18,0.0
73.729,17.225,0.0
73.729,17.27,0.0
73.729,17.315,0.0
73.729,17.36,0.009025270758122744
73.729,17.45,0.0
73.729,17.495,0.0
73.729,17.54,0.0
73.729,17.585,0.0
73.729,17.629,0.0
73.729,17.674,0.0
73.729,18.168,0.0
73.729,19.426,0.10756189286700399
73.729,19.471,0.0
73.774,8.017,0.0
73.774,8.197,0.3802275861705197
73.774,8.242,0.23292792935557582
73.774,8.377,0.4955970379460341
73.774,8.512,0.36724455415555335
73.774,8.556,0.49963882841805735
73.774,8.601,0.2838230824689472
73.774,8.646,0.07842147168660608
73.774,8.691,0.4843159834756857
73.774,8.781,0.3467650258010013
73.774,8.871,0.5327799161992639
73.774,8.961,0.4206792013964058
73.774,9.051,0.5734035301454045
73.774,9.095,0.08216482608470037
73.774,9.185,0.573948895636684
73.774,9.23,0.42065680219282187
73.774,9.275,0.5367510118245231
73.774,9.724,0.16598790855364762
73.774,9.949,0.08675198204800312
73.774,10.039,0.49505167245475457
73.774,10.308,0.5823888639220999
73.774,10.578,0.5367510118245231
73.774,14.485,0.6552556097651637
73.774,14.845,0.4986664817170617
73.774,15.563,0.0
73.774,15.608,0.0
73.774,15.653,0.0
73.774,15.698,0.10320498968129885
73.774,15.788,0.0
73.774,15.878,0.0
73.774,15.923,0.0
73.774,16.012,0.0
73.774,16.057,0.0
73.774,16.102,0.0
73.774,16.147,0.0
73.774,16.192,0.0
73.774,16.237,0.0
73.774,16.282,0.09331579752928353
73.774,16.327,0.08382308246894725
73.774,16.417,0.004512635379061372
73.774,16.507,0.0
73.774,16.641,0.004512635379061372
73.774,16.731,0.3768875835319328
73.774,16.776,0.0
73.774,16.866,0.0
73.774,16.911,0.0
73.774,16.956,0.0
73.774,17.001,0.0
73.774,17.046,0.0
73.774,17.09,0.03902749210367668
73.774,17.135,0.009025270758122744
73.774,17.225,0.0
73.774,17.27,0.0
73.774,17.315,0.0
73.774,17.54,0.03871713385541649
73.774,17.585,0.0
73.774,17.629,0.0
73.774,17.674,0.0
73.774,19.336,0.0
73.774,19.381,0.0
73.774,19.426,0.09782843290834489
73.819,8.017,0.5517510118245231
73.819,8.152,0.08653667104321842
73.819,8.467,0.4856607670898388
73.819,8.512,0.37183171011885613
73.819,8.646,0.2838230824689472
73.819,8.691,0.08653667104321842
73.819,8.736,0.4302689623268833
73.819,8.961,0.3669144996690586
73.819,9.051,0.4986664817170617
73.819,9.095,0.4946246912450385
73.819,9.14,0.38077259754886283
73.819,9.185,0.38077259754886283
73.819,9.23,0.16724455415555328
73.819,9.545,0.32741674863115455
73.819,9.679,0.19080160877609115
73.819,9.724,0.2786664817170616
73.819,10.039,0.36724455415555335
73.819,10.218,0.421098753588928
73.819,10.398,0.6552556097651637
73.819,11.88,0.572408784240825
73.819,12.779,0.35244297227190147
73.819,14.575,0.46418513662028665
73.819,15.518,0.004512635379061372
73.819,15.608,0.0
73.819,15.653,0.0
73.819,15.698,0.004512635379061372
73.819,15.743,0.004512635379061372
73.819,15.788,0.0
73.819,15.833,0.0
73.819,15.878,0.0
73.819,15.923,0.0
73.819,15.968,0.0
73.819,16.012,0.0
73.819,16.057,0.0
73.819,16.102,0.0
73.819,16.147,0.0
73.819,16.192,0.0
73.819,16.237,0.08833571784800862
73.819,16.282,0.10320498968129885
73.819,16.327,0.009025270758122744
73.819,16.417,0.0
73.819,16.462,0.0
73.819,16.507,0.0
73.819,16.551,0.0
73.819,16.596,0.0
73.819,16.641,0.0
73.819,16.731,0.0
73.819,16.776,0.0
73.819,16.911,0.0
73.819,16.956,0.0
73.819,17.001,0.0
73.819,17.046,0.0
73.819,17.09,0.0
73.819,17.135,0.0
73.819,17.18,0.09699530879127721
73.819,17.225,0.0
73.819,17.405,0.0
73.819,17.54,0.0
73.819,17.674,0.09284835322706998
73.819,19.201,0.013936862113721957
73.819,19.381,0.09284835322706998
73.819,20.235,0.17085100886563281
73.864,8.062,0.6609181627564433
73.864,8.242,0.22792792935557582
73.864,8.377,0.43091816275644346
73.864,8.512,0.26413106726315727
73.864,8.556,0.563308972905581
73.864,8.601,0.311751011824523
73.864,8.646,0.37183171011885613
73.864,8.691,0.589199013886724
73.864,8.736,0.38598790855364756
73.864,8.826,0.2838230824689472
73.864,8.871,0.36724455415555335
73.864,8.961,0.42065680219282187
73.864,9.051,0.6122515420413248
73.864,9.095,0.2838230824689472
73.864,9.275,0.49407932575375896
73.864,10.263,0.35244297227190147
73.864,10.443,0.42563688187409676
73.864,15.473,0.009446034491049532
73.864,15.518,0.0
73.864,15.563,0.0
73.864,15.608,0.0
73.864,15.788,0.0
73.864,15.833,0.0
73.864,15.878,0.0
73.864,15.923,0.0
73.864,15.968,0.0
73.864,16.012,0.0
73.864,16.057,0.0
73.864,16.102,0.0
73.864,16.147,0.0
73.864,16.192,0.004512635379061372
73.864,16.237,0.08833571784800862
73.864,16.282,0.0
73.864,16.327,0.08382308246894725
73.864,16.372,0.0
73.864,16.417,0.0
73.864,16.462,0.0
73.864,16.596,0.0
73.864,16.641,0.0
73.864,16.686,0.0
73.864,16.731,0.0
73.864,16.866,0.0
73.864,17.046,0.0
73.864,19.875,0.04331504953326649
73.864,19.92,0.0
73.864,20.01,0.0
73.864,20.19,0.0
73.864,20.235,0.014025270758122743
73.864,20.369,0.10187879589286783
73.909,8.152,0.28388179272184627
73.909,8.242,0.5001841939093369
73.909,8.287,0.07660040018702319
73.909,8.422,0.4992118472083412
73.909,8.556,0.4302689623268833
73.909,8.601,0.3669144996690586
73.909,8.646,0.018914462910138086
73.909,8.736,0.39557506451695035
73.909,8.781,0.22792792935557582
73.909,8.826,0.36724455415555335
73.909,9.545,0.38577259754886284
73.909,9.634,0.3669144996690586
73.909,9.769,0.38098790855364756
73.909,10.039,0.36724455415555335
73.909,10.173,0.07842147168660608
73.909,10.263,0.37233371819854766
73.909,10.398,0.3715016556323613
73.909,10.443,0.2896246912450383
73.909,11.162,0.36724455415555335
73.909,11.835,0.49407932575375896
73.909,12.105,0.2838230824689472
73.909,15.384,0.0
73.909,15.563,0.004512635379061372
73.909,15.608,0.08833571784800862
73.909,15.698,0.004302925989672977
73.909,15.743,0.0
73.909,15.788,0.0
73.909,15.833,0.0
73.909,15.878,0.0
73.909,15.923,0.0
73.909,15.968,0.0
73.909,16.012,0.0
73.909,16.057,0.0
73.909,16.102,0.009025270758122744
73.909,16.147,0.0
73.909,16.192,0.0
73.909,16.237,0.0
73.909,16.327,0.0
73.909,16.372,0.0
73.909,16.417,0.0
73.909,16.462,0.0
73.909,16.507,0.0
73.909,16.551,0.0
73.909,16.596,0.0
73.909,16.686,0.0
73.909,16.776,0.009025270758122744
73.909,16.821,0.009025270758122744
73.909,17.001,0.0
73.909,19.201,0.0
73.909,20.01,0.0
73.909,20.1,0.08382308246894725
73.909,20.145,0.0
73.909,20.19,0.0
73.909,20.235,0.06780916513145371
73.954,8.152,0.7074067397027788
73.954,8.332,0.009690844695282953
73.954,8.422,0.49407932575375896
73.954,8.691,0.20525624328481165
73.954,8.826,0.21038876473939386
73.954,8.871,0.479728827512383
73.954,8.916,0.450773701386548
73.954,9.14,0.4946246912450385
73.954,9.185,0.5783470734500766
73.954,9.23,0.38077259754886283
73.954,9.275,0.19025624328481164
73.954,9.32,0.36724455415555335
73.954,9.814,0.3953597535121656
73.954,9.859,0.1948433992481144
73.954,10.084,0.4946246912450385
73.954,10.218,0.3819602552546432
73.954,10.488,0.23014334614826334
73.954,10.578,0.38098790855364756
73.954,10.982,0.49407932575375896
73.954,11.566,0.4986664817170617
73.954,11.611,0.3669144996690586
73.954,15.114,0.004512635379061372
73.954,15.204,0.004302925989672977
73.954,15.249,0.0
73.954,15.294,0.004512635379061372
73.954,15.384,0.0
73.954,15.563,0.0
73.954,15.653,0.0
73.954,15.698,0.0
73.954,15.743,0.0
73.954,15.788,0.0
73.954,15.833,0.0
73.954,15.878,0.0
73.954,15.923,0.0
73.954,15.968,0.0
73.954,16.012,0.0
73.954,16.057,0.0
73.954,16.102,0.0
73.954,16.147,0.0
73.954,16.192,0.0
73.954,16.237,0.0
73.954,16.282,0.0
73.954,16.372,0.0
73.954,16.507,0.0
73.954,16.596,0.0
73.954,16.686,0.0
73.954,17.809,0.028827941703401142
73.954,19.246,0.009025270758122744
73.954,19.291,0.11680009970782551
73.954,19.965,0.02373881039805676
73.954,20.055,0.05859223193205459
73.954,20.145,0.009413410789557578
73.954,20.235,0.018936862113721958
73.954,20.324,0.023501618873440835
73.999,8.242,0.23292792935557582
73.999,8.332,0.5327799161992639
73.999,8.556,0.5889021417621381
73.999,8.691,0.4992118472083412
73.999,8.736,0.6165804372356399
73.999,8.781,0.3521369186951571
73.999,8.916,0.6566170126446893
73.999,9.14,0.5327799161992639
73.999,9.23,0.49407932575375896
73.999,9.32,0.5327799161992639
73.999,9.41,0.0
73.999,9.455,0.49505167245475457
73.999,9.769,0.0
73.999,9.994,0.6772795656359689
73.999,10.308,0.49963882841805735
73.999,10.353,0.5142118472083412
73.999,10.488,0.49407932575375896
73.999,11.521,0.2838230824689472
73.999,15.024,0.0
73.999,15.069,0.0
73.999,15.114,0.0
73.999,15.159,0.004512635379061372
73.999,15.249,0.019381907212351616
73.999,15.294,0.004512635379061372
73.999,15.384,0.0
73.999,15.429,0.0
73.999,15.473,0.0
73.999,15.563,0.0
73.999,15.608,0.0
73.999,15.653,0.0
73.999,15.698,0.0
73.999,15.743,0.0
73.999,15.788,0.0
73.999,15.833,0.0
73.999,15.878,0.0
73.999,15.923,0.0
73.999,15.968,0.0
73.999,16.012,0.0
73.999,16.057,0.0
73.999,16.102,0.0
73.999,16.192,0.0
73.999,16.237,0.0
73.999,16.282,0.08382308246894725
73.999,16.372,0.00493339911198816
73.999,19.201,0.014025270758122743
73.999,19.246,0.018914462910138086
73.999,19.561,0.013958669870110902
73.999,20.01,0.0
73.999,20.055,0.0
73.999,20.1,0.009413410789557578
73.999,20.145,0.0
73.999,20.19,0.0
73.999,20.235,0.0
74.044,8.377,0.7074067397027788
74.044,8.601,0.28841023843225
74.044,8.646,0.36724455415555335
74.044,8.781,0.2838230824689472
74.044,8.916,0.0
74.044,9.14,0.7074067397027788
74.044,9.275,0.38633210021316133
74.044,9.365,0.3967449442498585
74.044,9.455,0.7074067397027788
74.044,9.545,0.2838230824689472
74.044,9.859,0.5046629674004113
74.044,9.904,0.4946246912450385
74.044,10.084,0.3917449442498585
74.044,10.173,0.32175101182452304
74.044,10.488,0.49407932575375896
74.044,10.892,0.4986664817170617
74.044,11.431,0.07809141720011127
74.044,11.745,0.49407932575375896
74.044,15.024,0.0
74.044,15.069,0.0
74.044,15.114,0.0
74.044,15.159,0.0
74.044,15.204,0.0
74.044,15.249,0.0
74.044,15.294,0.0
74.044,15.339,0.0
74.044,15.384,0.0
74.044,15.429,0.0
74.044,15.518,0.30322491000002394
74.044,15.608,0.0
74.044,15.653,0.0
74.044,15.698,0.004512635379061372
74.044,15.743,0.0
74.044,15.788,0.0
74.044,15.833,0.0
74.044,15.968,0.009025270758122744
74.044,16.102,0.0
74.044,16.147,0.0
74.044,16.237,0.028827941703401142
74.044,16.282,0.009025270758122744
74.044,16.327,0.0
74.044,19.561,0.10734710054597194
74.044,20.01,0.0
74.044,20.055,0.018936862113721958
74.044,20.145,0.0
74.044,20.19,0.004587155963302752
74.044,20.235,0.11110301982987089
74.089,8.736,0.44611569284925906
74.089,8.826,0.3817449442498585
74.089,8.871,0.42948952742708846
74.089,9.051,0.5001841939093369
74.089,9.095,0.2838230824689472
74.089,9.365,0.352278338074326
74.089,9.859,0.6566170126446893
74.089,9.949,0.43591816275644346
74.089,10.039,0.5001841939093369
74.089,10.308,0.5381124147040487
74.089,10.533,0.6552556097651637
74.089,10.802,0.4292742164223038
74.089,14.934,0.0
74.089,14.979,0.0
74.089,15.024,0.0
74.089,15.069,0.0
74.089,15.114,0.0
74.089,15.159,0.0
74.089,15.204,0.004512635379061372
74.089,15.249,0.0
74.089,15.294,0.0
74.089,15.339,0.0
74.089,15.384,0.0
74.089,15.429,0.0
74.089,15.473,0.0
74.089,15.518,0.0
74.089,15.563,0.0
74.089,15.608,0.0
74.089,15.653,0.0
74.089,15.698,0.0
74.089,15.743,0.004512635379061372
74.089,15.788,0.0
74.089,15.833,0.0
74.089,15.878,0.009025270758122744
74.089,15.923,0.009025270758122744
74.089,16.147,0.0
74.089,16.282,0.0
74.089,19.022,0.11747348422260323
74.089,19.516,0.09284835322706998
74.089,19.606,0.009025270758122744
74.089,19.965,0.3760644908668769
74.089,20.01,0.03882587725151921
74.089,20.055,0.08933872698157405
74.089,20.1,0.09863651312877289
74.089,20.145,0.004587155963302752
74.089,20.19,0.24970461122059426
74.133,9.14,0.08675198204800312
74.133,9.23,0.7353637789395934
74.133,9.275,0.49963882841805735
74.133,9.41,0.4199907801081864
74.133,9.634,0.37233371819854766
74.133,9.679,0.5327799161992639
74.133,9.724,0.1407748981880366
74.133,9.814,0.6122515420413248
74.133,9.994,0.4992118472083412
74.133,10.129,0.6609181627564433
74.133,10.173,0.4986664817170617
74.133,10.263,0.34143252729621665
74.133,10.398,0.4946246912450385
74.133,10.667,0.4053373543085818
74.133,11.656,0.5464185133197383
74.133,11.88,0.4992118472083412
74.133,14.8,0.0
74.133,14.89,0.004512635379061372
74.133,14.934,0.0
74.133,14.979,0.0
74.133,15.024,0.0
74.133,15.069,0.0
74.133,15.114,0.0
74.133,15.159,0.0
74.133,15.204,0.0
74.133,15.249,0.0
74.133,15.294,0.004512635379061372
74.133,15.384,0.0
74.133,15.429,0.0
74.133,15.473,0.0
74.133,15.518,0.0
74.133,15.563,0.0
74.133,15.608,0.0
74.133,15.653,0.0
74.133,15.698,0.0
74.133,15.743,0.0
74.133,15.788,0.0
74.133,15.833,0.0
74.133,15.878,0.0
74.133,15.923,0.0
74.133,16.012,0.0
74.133,16.057,0.0
74.133,16.102,0.09782843290834489
74.133,16.192,0.0
74.133,16.237,0.0
74.133,17.36,0.09782843290834489
74.133,19.516,0.11772472121265613
74.133,19.561,0.0
74.133,19.92,0.6596505227500127
74.133,19.965,0.0635794077656254
74.133,20.055,0.0
74.133,20.1,0.0
74.133,20.145,0.004587155963302752
74.178,9.051,0.6065889890500453
74.178,9.14,0.49963882841805735
74.178,9.23,0.5477799161992639
74.178,9.275,0.09716482608470037
74.178,9.32,0.386547411217946
74.178,9.365,0.5327799161992639
74.178,10.039,0.09675198204800312
74.178,10.084,0.5096246912450385
74.178,10.129,0.17098790855364762
74.178,10.218,0.6027568206773828
74.178,10.578,0.6108901391617992
74.178,10.847,0.5875407388826125
74.178,14.8,0.0
74.178,14.845,0.0
74.178,14.89,0.08833571784800862
74.178,14.934,0.0
74.178,14.979,0.0
74.178,15.024,0.0
74.178,15.069,0.0
74.178,15.114,0.0
74.178,15.159,0.004512635379061372
74.178,15.249,0.0
74.178,15.294,0.004512635379061372
74.178,15.339,0.0
74.178,15.384,0.0
74.178,15.429,0.0
74.178,15.473,0.0
74.178,15.518,0.0
74.178,15.563,0.0
74.178,15.608,0.0
74.178,15.653,0.0
74.178,15.698,0.0
74.178,15.743,0.0
74.178,15.788,0.0
74.178,15.833,0.0
74.178,16.147,0.09782843290834489
74.178,16.192,0.0
74.178,16.237,0.0
74.178,17.585,0.11265102417234839
74.178,18.573,0.2978752897903285
74.178,19.067,0.0
74.178,19.561,0.0
74.178,19.696,0.6078376110071985
74.178,19.785,0.8419820465111921
74.178,19.965,0.09784835322706999
74.178,20.01,0.023829126380793698
74.178,20.055,0.0
74.178,20.145,0.7139678088903123
74.178,20.19,0.3428898548555113
74.178,20.235,0.7641770152906155
74.223,9.23,0.5327799161992639
74.223,9.32,0.3669144996690586
74.223,9.365,0.38633210021316133
74.223,10.129,0.5517510118245231
74.223,10.173,0.1953887647393939
74.223,10.847,0.5414185133197384
74.223,11.341,0.7130361103321495
74.223,14.8,0.0
74.223,14.845,0.0
74.223,14.934,0.0
74.223,14.979,0.0
74.223,15.024,0.0
74.223,15.069,0.0
74.223,15.114,0.0
74.223,15.159,0.0
74.223,15.204,0.0
74.223,15.249,0.0
74.223,15.294,0.0
74.223,15.339,0.0
74.223,15.384,0.0
74.223,15.429,0.0
74.223,15.473,0.0
74.223,15.518,0.0
74.223,15.563,0.0
74.223,15.608,0.0
74.223,15.653,0.0
74.223,15.698,0.0
74.223,15.743,0.009025270758122744
74.223,15.788,0.0
74.223,15.833,0.0
74.223,19.561,0.10215127921674297
74.223,19.92,0.3511445302680212
74.223,20.01,0.19621772855520692
74.268,9.455,0.2838230824689472
74.268,9.949,0.49963882841805735
74.268,11.521,0.6716170126446893
74.268,11.656,0.3470950802874962
74.268,13.497,0.49407932575375896
74.268,14.755,0.0
74.268,14.8,0.0
74.268,14.934,0.0
74.268,14.979,0.0
74.268,15.024,0.0
74.268,15.069,0.0
74.268,15.114,0.0
74.268,15.159,0.0
74.268,15.204,0.0
74.268,15.249,0.0
74.268,15.294,0.0
74.268,15.339,0.0
74.268,15.384,0.0
74.268,15.429,0.0
74.268,15.473,0.0
74.268,15.518,0.0
74.268,15.563,0.0
74.268,15.608,0.0
74.268,15.653,0.0
74.268,15.698,0.0
74.268,15.743,0.004826254826254826
74.268,15.788,0.0
74.268,15.833,0.0
74.268,16.956,0.023894542591412982
74.268,17.001,0.014005350439397643
74.268,19.516,0.08290427614557812
74.268,19.561,0.0
74.268,19.965,0.33685204591981377
74.268,20.055,0.7114014142812912
74.268,20.1,0.5856488546696741
74.268,20.145,0.2870711493150949
74.313,10.398,0.49407932575375896
74.313,10.578,0.38098790855364756
74.313,10.937,0.6552556097651637
74.313,10.982,0.5427799161992639
74.313,11.027,0.4986664817170617
74.313,14.575,0.0
74.313,14.62,0.009446034491049532
74.313,14.71,0.10813838879328701
74.313,14.755,0.0
74.313,14.8,0.0
74.313,14.845,0.0
74.313,14.89,0.08833571784800862
74.313,14.934,0.0
74.313,14.979,0.0
74.313,15.024,0.0
74.313,15.069,0.0
74.313,15.114,0.0
74.313,15.159,0.0
74.313,15.204,0.0
74.313,15.249,0.0
74.313,15.294,0.0
74.313,15.339,0.0
74.313,15.384,0.0
74.313,15.429,0.0
74.313,15.473,0.0
74.313,15.518,0.0
74.313,15.563,0.0
74.313,15.608,0.0
74.313,15.653,0.0
74.313,15.698,0.009025270758122744
74.313,15.743,0.033215415178345836
74.313,15.788,0.0
74.313,15.833,0.0
74.313,18.124,0.09284835322706998
74.313,18.573,0.004302925989672977
74.313,19.516,0.0
74.313,19.561,0.0
74.313,19.92,0.08884842860033126
74.313,20.055,0.6382976827970783
74.313,20.774,0.2741637639190314
74.358,10.398,0.38077259754886283
74.358,10.623,0.4946246912450385
74.358,10.847,0.626501513825821
74.358,10.937,0.474457528757227
74.358,11.745,0.7074067397027788
74.358,11.88,0.6887180754354206
74.358,13.228,0.6252051869669358
74.358,14.575,0.08382308246894725
74.358,14.62,0.0
74.358,14.665,0.0
74.358,14.71,0.0
74.358,14.755,0.0
74.358,14.8,0.0
74.358,14.845,0.0
74.358,14.89,0.20885485717481905
74.358,14.934,0.0
74.358,14.979,0.0
74.358,15.024,0.0
74.358,15.069,0.0
74.358,15.114,0.0
74.358,15.159,0.0
74.358,15.204,0.0
74.358,15.249,0.0
74.358,15.294,0.0
74.358,15.339,0.0
74.358,15.384,0.005
74.358,15.429,0.0
74.358,15.473,0.0
74.358,15.518,0.0
74.358,15.563,0.0
74.358,15.608,0.005
74.358,15.653,0.0
74.358,18.528,0.0
74.358,18.573,0.014025270758122743
74.358,19.516,0.009025270758122744
74.358,19.785,0.7770203630734521
74.358,19.875,0.1027599445826692
74.358,20.01,0.357140062692233
74.358,20.1,0.282556318298777
74.403,10.263,0.42065680219282187
74.403,10.353,0.3669144996690586
74.403,10.578,0.4986664817170617
74.403,11.431,0.5314185133197383
74.403,14.44,0.0
74.403,14.575,0.0
74.403,14.62,0.0
74.403,14.665,0.0
74.403,14.71,0.0
74.403,14.755,0.0
74.403,14.8,0.0
74.403,14.845,0.0
74.403,14.89,0.0
74.403,14.934,0.0
74.403,14.979,0.0
74.403,15.024,0.0
74.403,15.069,0.0
74.403,15.114,0.005
74.403,15.159,0.0
74.403,15.204,0.0
74.403,15.249,0.0
74.403,15.294,0.004826254826254826
74.403,15.339,0.009025270758122744
74.403,15.384,0.0
74.403,15.429,0.0
74.403,15.473,0.0
74.403,15.518,0.0
74.403,15.563,0.0
74.403,15.608,0.0
74.403,15.653,0.009025270758122744
74.403,15.698,0.009025270758122744
74.403,15.788,0.014005350439397643
74.403,16.551,0.019025270758122742
74.403,18.573,0.0
74.403,18.663,0.7847965908725442
74.403,19.516,0.0
74.403,19.561,0.22503997674908705
74.403,19.785,0.7548472493603866
74.403,19.875,0.10772158177158692
74.403,19.92,0.08316458638923416
74.448,10.712,0.5036664817170616
74.448,14.261,0.0
74.448,14.351,0.0
74.448,14.396,0.0
74.448,14.485,0.0
74.448,14.53,0.0
74.448,14.575,0.0
74.448,14.62,0.0
74.448,14.665,0.0
74.448,14.71,0.0
74.448,14.755,0.0
74.448,14.8,0.0
74.448,14.845,0.0
74.448,14.89,0.0
74.448,14.934,0.0
74.448,14.979,0.0
74.448,15.024,0.0
74.448,15.069,0.0
74.448,15.114,0.0
74.448,15.159,0.0
74.448,15.294,0.12086397799005373
74.448,15.339,0.0
74.448,15.384,0.0
74.448,15.429,0.0
74.448,15.473,0.0
74.448,15.518,0.0
74.448,15.653,0.004826254826254826
74.448,15.698,0.009025270758122744
74.448,18.034,0.10762849375501585
74.448,18.483,0.09784835322706999
74.448,18.528,0.014025270758122743
74.448,18.573,0.0
74.448,19.516,0.0
74.448,19.74,0.1223118771759589
74.448,19.785,0.11664243854641486
74.448,19.875,0.0
74.448,19.92,0.004587155963302752
74.448,19.965,0.09784835322706999
74.448,20.055,0.28141699704518564
74.448,20.908,0.28914136471544755
74.493,10.802,0.39577259754886285
74.493,11.925,0.4128516249836768
74.493,11.97,0.7267078898145327
74.493,12.823,0.5835696432573534
74.493,14.126,0.09284835322706998
74.493,14.216,0.0
74.493,14.261,0.0
74.493,14.306,0.0
74.493,14.351,0.0
74.493,14.396,0.0
74.493,14.44,0.0
74.493,14.485,0.0
74.493,14.53,0.0
74.493,14.575,0.0
74.493,14.62,0.0
74.493,14.665,0.0
74.493,14.71,0.0
74.493,14.755,0.0
74.493,14.8,0.0
74.493,14.845,0.0
74.493,14.89,0.0
74.493,14.934,0.0
74.493,14.979,0.0
74.493,15.024,0.005
74.493,15.069,0.0
74.493,15.114,0.0
74.493,15.159,0.0
74.493,15.204,0.09782843290834489
74.493,15.384,0.0
74.493,15.473,0.0
74.493,15.518,0.0
74.493,15.563,0.014005350439397643
74.493,18.528,0.004302925989672977
74.493,18.573,0.0
74.493,18.618,0.11715095616864289
74.493,19.471,0.6092051028329682
74.493,19.516,0.014025270758122743
74.493,19.696,0.023914462910138087
74.493,19.74,0.09784835322706999
74.493,19.83,0.23545912715067221
74.493,19.875,0.004302925989672977
74.538,11.79,0.806529071837437
74.538,14.036,0.0
74.538,14.081,0.0
74.538,14.126,0.0
74.538,14.171,0.0
74.538,14.216,0.0
74.538,14.261,0.0
74.538,14.306,0.0
74.538,14.351,0.0
74.538,14.396,0.0
74.538,14.44,0.0
74.538,14.485,0.0
74.538,14.53,0.0
74.538,14.575,0.0
74.538,14.62,0.0
74.538,14.665,0.0
74.538,14.71,0.0
74.538,14.755,0.0
74.538,14.8,0.0
74.538,14.845,0.0
74.538,14.89,0.0
74.538,14.934,0.0
74.538,14.979,0.0
74.538,15.024,0.0
74.538,15.069,0.0
74.538,15.114,0.0
74.538,15.159,0.0
74.538,15.204,0.0
74.538,15.249,0.0
74.538,15.294,0.0
74.538,15.339,0.0
74.538,15.384,0.009826254826254826
74.538,15.429,0.0
74.538,15.473,0.018851525584377568
74.538,15.563,0.009025270758122744
74.538,18.438,0.09284835322706998
74.538,18.528,0.023261595859783882
74.538,18.573,0.10741310998678885
74.538,19.516,0.08382308246894725
74.538,19.606,0.11714904883030677
74.538,19.651,0.6724765327971852
74.538,19.696,0.19407855340670935
74.538,19.92,0.10762849375501585
74.538,20.01,0.3703246158345879
74.538,20.504,0.3763304062697655
74.583,9.679,0.42607602072231093
74.583,12.779,0.7116747074526237
74.583,13.991,0.0
74.583,14.036,0.0
74.583,14.081,0.0
74.583,14.126,0.0
74.583,14.171,0.0
74.583,14.216,0.0
74.583,14.261,0.0
74.583,14.306,0.0
74.583,14.351,0.0
74.583,14.396,0.0
74.583,14.44,0.0
74.583,14.485,0.0
74.583,14.53,0.0
74.583,14.575,0.0
74.583,14.62,0.0
74.583,14.665,0.0
74.583,14.71,0.0
74.583,14.755,0.0
74.583,14.8,0.0
74.583,14.845,0.0
74.583,14.89,0.0
74.583,14.934,0.0
74.583,14.979,0.0
74.583,15.024,0.0
74.583,15.069,0.0
74.583,15.114,0.0
74.583,15.159,0.0
74.583,15.204,0.0
74.583,15.249,0.0
74.583,15.294,0.0
74.583,15.339,0.0
74.583,15.384,0.0
74.583,15.429,0.009025270758122744
74.583,15.473,0.0
74.583,15.608,0.0
74.583,18.079,0.09784835322706999
74.583,18.618,0.10273754537908532
74.583,19.471,0.4040785534067093
74.583,19.516,0.11756189286700401
74.583,19.561,0.014025270758122743
74.583,19.606,0.033044573152315626
74.583,19.651,0.7896197408449352
74.583,19.92,0.17720978284152775
74.583,19.965,0.4667574983031571
74.628,11.296,0.49407932575375896
74.628,11.431,0.3669144996690586
74.628,13.812,0.023894542591412982
74.628,13.901,0.0
74.628,13.946,0.0
74.628,13.991,0.0
74.628,14.036,0.0
74.628,14.081,0.0
74.628,14.126,0.0
74.628,14.171,0.0
74.628,14.216,0.0
74.628,14.261,0.0
74.628,14.306,0.0
74.628,14.351,0.0
74.628,14.396,0.0
74.628,14.44,0.0
74.628,14.485,0.0
74.628,14.53,0.0
74.628,14.575,0.0
74.628,14.62,0.0
74.628,14.665,0.0
74.628,14.71,0.0
74.628,14.755,0.0
74.628,14.8,0.0
74.628,14.845,0.0
74.628,14.89,0.0
74.628,14.934,0.0
74.628,14.979,0.0
74.628,15.024,0.0
74.628,15.069,0.0
74.628,15.114,0.0
74.628,15.159,0.0
74.628,15.204,0.0
74.628,15.294,0.018914462910138086
74.628,15.339,0.0
74.628,15.384,0.0
74.628,15.429,0.004977600796416128
74.628,15.518,0.0
74.628,16.911,0.08382308246894725
74.628,16.956,0.4011158798150014
74.628,17.046,0.09731768693513569
74.628,18.663,0.009025270758122744
74.628,18.752,0.10273754537908532
74.628,19.381,0.014025270758122743
74.628,19.516,0.12360046426064913
74.628,19.561,0.16118419814371884
74.628,19.92,0.5906343684197829
74.672,11.206,0.3669144996690586
74.672,11.521,0.3669144996690586
74.672,11.701,0.3959879085536475
74.672,13.677,0.0
74.672,13.722,0.0
74.672,13.767,0.0
74.672,13.812,0.0
74.672,13.857,0.0
74.672,13.901,0.0
74.672,13.946,0.0
74.672,13.991,0.0
74.672,14.036,0.0
74.672,14.081,0.0
74.672,14.126,0.0
74.672,14.171,0.0
74.672,14.216,0.0
74.672,14.261,0.0
74.672,14.306,0.0
74.672,14.351,0.0
74.672,14.396,0.0
74.672,14.44,0.0
74.672,14.485,0.0
74.672,14.53,0.0
74.672,14.575,0.0
74.672,14.62,0.0
74.672,14.665,0.0
74.672,14.71,0.0
74.672,14.755,0.0
74.672,14.8,0.0
74.672,14.845,0.0
74.672,14.89,0.0
74.672,14.934,0.0
74.672,14.979,0.0
74.672,15.024,0.0
74.672,15.069,0.0
74.672,15.114,0.0
74.672,15.159,0.018914462910138086
74.672,15.204,0.02874071773639291
74.672,15.294,0.0
74.672,15.384,0.0
74.672,15.429,0.018914462910138086
74.672,16.956,0.1911892429827537
74.672,18.528,0.2448172455328258
74.672,18.663,0.28322366909207564
74.672,19.291,0.24278311811498324
74.672,19.381,0.04312700653394504
74.672,19.426,0.014025270758122743
74.672,19.516,0.0
74.717,10.084,0.42065680219282187
74.717,13.362,0.0
74.717,13.407,0.0
74.717,13.452,0.15615440432130617
74.717,13.497,0.004302925989672977
74.717,13.542,0.009236325101661136
74.717,13.587,0.07839164076651675
74.717,13.677,0.0
74.717,13.722,0.0
74.717,13.767,0.0
74.717,13.812,0.0
74.717,13.857,0.0
74.717,13.901,0.0
74.717,13.946,0.0
74.717,13.991,0.0
74.717,14.036,0.0
74.717,14.081,0.0
74.717,14.126,0.0
74.717,14.171,0.0
74.717,14.216,0.0
74.717,14.261,0.0
74.717,14.306,0.0
74.717,14.351,0.0
74.717,14.396,0.0
74.717,14.44,0.0
74.717,14.485,0.0
74.717,14.53,0.0
74.717,14.575,0.0
74.717,14.62,0.0
74.717,14.665,0.0
74.717,14.71,0.0
74.717,14.755,0.0
74.717,14.8,0.0
74.717,14.845,0.0
74.717,14.89,0.0
74.717,14.934,0.005
74.717,14.979,0.009302925989672977
74.717,15.024,0.0
74.717,15.069,0.0
74.717,15.114,0.004826254826254826
74.717,15.159,0.028134531255325442
74.717,16.551,0.019025270758122742
74.717,16.956,0.27520441322918215
74.717,17.001,0.27697556233245807
74.717,17.046,0.31369319947083324
74.717,19.381,0.0
74.717,19.426,0.10762849375501585
74.717,19.516,0.1075170200445939
74.717,19.561,0.08382308246894725
74.717,19.606,0.3170322782338135
74.762,9.994,0.4651544442696527
74.762,11.79,0.34143252729621665
74.762,13.183,0.024315306324339776
74.762,13.228,0.0
74.762,13.273,0.0
74.762,13.318,0.0
74.762,13.362,0.0
74.762,13.407,0.004302925989672977
74.762,13.452,0.0
74.762,13.497,0.0
74.762,13.542,0.0
74.762,13.632,0.0
74.762,13.677,0.0
74.762,13.722,0.0
74.762,13.767,0.0
74.762,13.812,0.0
74.762,13.857,0.0
74.762,13.901,0.0
74.762,13.946,0.0
74.762,13.991,0.0
74.762,14.036,0.0
74.762,14.081,0.0
74.762,14.126,0.0
74.762,14.171,0.0
74.762,14.216,0.0
74.762,14.261,0.0
74.762,14.306,0.0
74.762,14.351,0.004826254826254826
74.762,14.396,0.0
74.762,14.44,0.0
74.762,14.485,0.009129180815927803
74.762,14.53,0.009129180815927803
74.762,14.575,0.004826254826254826
74.762,14.62,0.0
74.762,14.665,0.004826254826254826
74.762,14.71,0.004826254826254826
74.762,14.755,0.0
74.762,14.8,0.0
74.762,14.845,0.0
74.762,14.89,0.0
74.762,14.934,0.005
74.762,14.979,0.005
74.762,15.024,0.0
74.762,15.069,0.10273754537908532
74.762,15.204,0.0
74.762,17.09,0.19588355444585034
74.762,18.124,0.31283552906064077
74.762,19.426,0.08382308246894725
74.762,19.471,0.09784835322706999
74.762,19.561,0.11232470134238808
74.762,19.606,0.4300394684431098
74.762,19.651,0.556480597024414
74.762,20.549,0.08653667104321842
74.807,9.275,0.35244297227190147
74.807,9.32,0.3669144996690586
74.807,9.814,0.35244297227190147
74.807,10.084,0.3669144996690586
74.807,12.015,0.8221395130812824
74.807,13.048,0.0
74.807,13.093,0.0
74.807,13.138,0.004512635379061372
74.807,13.183,0.0
74.807,13.228,0.0
74.807,13.273,0.0
74.807,13.318,0.0
74.807,13.362,0.0
74.807,13.407,0.0
74.807,13.452,0.004302925989672977
74.807,13.497,0.0
74.807,13.542,0.0
74.807,13.587,0.004302925989672977
74.807,13.632,0.0
74.807,13.677,0.0
74.807,13.722,0.0
74.807,13.767,0.0
74.807,13.812,0.0
74.807,13.857,0.0
74.807,13.901,0.0
74.807,13.946,0.0
74.807,13.991,0.0
74.807,14.036,0.0
74.807,14.081,0.009025270758122744
74.807,14.126,0.0
74.807,14.171,0.0
74.807,14.216,0.0
74.807,14.261,0.0
74.807,14.306,0.0
74.807,14.351,0.0
74.807,14.396,0.0
74.807,14.44,0.0
74.807,14.485,0.004826254826254826
74.807,14.53,0.004826254826254826
74.807,14.575,0.0
74.807,14.62,0.0
74.807,14.665,0.0
74.807,14.71,0.0
74.807,14.755,0.005
74.807,14.8,0.0
74.807,14.845,0.005
74.807,14.89,0.0
74.807,14.934,0.0
74.807,15.473,0.013936862113721957
74.807,15.518,0.0
74.807,16.237,0.009025270758122744
74.807,16.282,0.03389454259141298
74.807,16.551,0.005
74.807,16.596,0.018851525584377568
74.807,16.641,0.024005350439397645
74.807,19.381,0.09784835322706999
74.807,19.471,0.024190144420223093
74.807,19.516,0.004302925989672977
74.807,19.83,0.4437177670025698
74.807,20.504,0.00493339911198816
74.807,20.549,0.6713315455090317
74.807,20.998,0.3778376110071984
74.852,9.634,0.3669144996690586
74.852,10.488,0.35244297227190147
74.852,10.982,0.3669144996690586
74.852,11.027,0.3669144996690586
74.852,11.072,0.3669144996690586
74.852,12.958,0.08382308246894725
74.852,13.003,0.08833571784800862
74.852,13.048,0.0
74.852,13.093,0.0
74.852,13.138,0.0
74.852,13.183,0.0
74.852,13.228,0.0
74.852,13.273,0.0
74.852,13.318,0.0
74.852,13.362,0.0
74.852,13.407,0.0
74.852,13.452,0.004302925989672977
74.852,13.497,0.0
74.852,13.542,0.0
74.852,13.587,0.004302925989672977
74.852,13.632,0.0
74.852,13.677,0.0
74.852,13.722,0.0
74.852,13.767,0.0
74.852,13.812,0.0
74.852,13.857,0.0
74.852,13.901,0.0
74.852,13.946,0.0
74.852,13.991,0.005
74.852,14.126,0.0
74.852,14.216,0.0
74.852,14.261,0.0
74.852,14.351,0.0
74.852,14.396,0.0
74.852,14.44,0.0
74.852,14.485,0.0
74.852,14.53,0.0
74.852,14.575,0.0
74.852,14.665,0.0
74.852,14.71,0.0
74.852,14.755,0.0
74.852,14.8,0.0
74.852,14.845,0.009025270758122744
74.852,14.89,0.0
74.852,14.934,0.023784924696365728
74.852,14.979,0.009025270758122744
74.852,16.237,0.009025270758122744
74.852,16.282,0.013936862113721957
74.852,16.372,0.2197955964176447
74.852,16.507,0.009025270758122744
74.852,19.516,0.0
74.852,19.606,0.1322990530095297
74.852,19.92,0.6924647451735182
74.852,20.729,0.29384078336450603
74.852,20.908,0.5164670171301947
74.852,20.953,0.25697932294942466
74.852,20.998,0.20765915999459592
74.897,9.5,0.5678216282775221
74.897,9.724,0.3669144996690586
74.897,9.814,0.5678216282775221
74.897,10.578,0.3669144996690586
74.897,12.734,0.004512635379061372
74.897,12.779,0.0
74.897,12.823,0.0
74.897,12.868,0.05359223193205459
74.897,13.003,0.0
74.897,13.048,0.0
74.897,13.093,0.0
74.897,13.138,0.0
74.897,13.183,0.004302925989672977
74.897,13.228,0.0
74.897,13.273,0.0
74.897,13.318,0.0
74.897,13.362,0.0
74.897,13.407,0.0
74.897,13.452,0.0
74.897,13.497,0.0
74.897,13.542,0.0
74.897,13.587,0.0
74.897,13.632,0.0
74.897,13.677,0.0
74.897,13.722,0.0
74.897,13.767,0.0
74.897,13.812,0.0
74.897,13.857,0.0
74.897,13.901,0.0
74.897,13.946,0.0
74.897,14.036,0.09284835322706998
74.897,14.171,0.0
74.897,14.216,0.14644008444789208
74.897,14.261,0.009759653938242985
74.897,14.306,0.08864933729520207
74.897,14.351,0.02332819674779572
74.897,14.396,0.004826254826254826
74.897,14.485,0.0
74.897,14.53,0.0
74.897,14.575,0.004826254826254826
74.897,14.62,0.0
74.897,14.665,0.0
74.897,14.71,0.0
74.897,14.755,0.0
74.897,14.8,0.0
74.897,14.845,0.0
74.897,14.89,0.0
74.897,14.934,0.009025270758122744
74.897,15.473,0.023894542591412982
74.897,16.327,0.03882794170340115
74.897,16.641,0.10267460805332482
74.897,19.381,0.2278698240363347
74.897,20.504,0.316428088356893
74.942,9.5,0.3669144996690586
74.942,9.679,0.3962960826436495
74.942,9.724,0.3674046961165287
74.942,9.814,0.3718435217510775
74.942,12.644,0.0
74.942,12.689,0.0
74.942,12.734,0.0
74.942,12.779,0.0
74.942,12.823,0.0
74.942,12.913,0.0
74.942,12.958,0.0
74.942,13.003,0.0
74.942,13.048,0.0
74.942,13.093,0.0
74.942,13.138,0.0
74.942,13.183,0.0
74.942,13.228,0.0
74.942,13.273,0.0
74.942,13.318,0.004302925989672977
74.942,13.362,0.0
74.942,13.407,0.004302925989672977
74.942,13.452,0.0
74.942,13.497,0.0
74.942,13.542,0.0
74.942,13.587,0.0
74.942,13.632,0.0
74.942,13.677,0.0
74.942,13.722,0.0
74.942,13.767,0.0
74.942,13.812,0.0
74.942,13.857,0.0
74.942,13.901,0.0
74.942,14.126,0.009025270758122744
74.942,14.171,0.0
74.942,14.306,0.10267460805332482
74.942,14.44,0.0
74.942,14.53,0.10267460805332482
74.942,14.575,0.004826254826254826
74.942,14.62,0.0
74.942,14.665,0.005
74.942,14.71,0.0
74.942,14.755,0.0
74.942,14.8,0.0
74.942,15.294,0.018914462910138086
74.942,15.384,0.09284835322706998
74.942,16.282,0.019025270758122742
74.942,16.551,0.14195362711392132
74.942,17.854,0.018851525584377568
74.942,19.381,0.02354582583341365
74.942,19.83,0.7469791593449413
74.942,19.965,0.807635301648731
74.942,20.369,0.5878376110071984
74.942,20.414,0.5417963337811027
74.942,20.504,0.6122215031058319
74.942,20.549,0.10732470134238806
74.942,20.863,0.42703493376565765
74.987,9.545,0.4601544442696527
74.987,9.59,0.35244297227190147
74.987,9.769,0.35244297227190147
74.987,10.218,0.48414305489756365
74.987,12.554,0.0
74.987,12.599,0.09822491000002395
74.987,12.644,0.0
74.987,12.689,0.0
74.987,12.734,0.0
74.987,12.779,0.0
74.987,12.823,0.0
74.987,12.868,0.0
74.987,12.913,0.0
74.987,12.958,0.0
74.987,13.003,0.0
74.987,13.048,0.0
74.987,13.093,0.0
74.987,13.138,0.0
74.987,13.183,0.0
74.987,13.228,0.0
74.987,13.273,0.0
74.987,13.318,0.0
74.987,13.362,0.0
74.987,13.407,0.0
74.987,13.452,0.0
74.987,13.497,0.0
74.987,13.542,0.0
74.987,13.587,0.0
74.987,13.632,0.0
74.987,13.677,0.0
74.987,13.722,0.0
74.987,13.767,0.005
74.987,13.812,0.004826254826254826
74.987,13.857,0.0
74.987,13.901,0.0
74.987,14.036,0.019025270758122742
74.987,14.081,0.0
74.987,14.126,0.0
74.987,14.171,0.0
74.987,14.216,0.00493339911198816
74.987,14.261,0.0
74.987,14.306,0.004826254826254826
74.987,14.575,0.0
74.987,14.62,0.009025270758122744
74.987,14.665,0.004826254826254826
74.987,14.71,0.10267460805332482
74.987,14.755,0.0
74.987,15.069,0.08382308246894725
74.987,16.462,0.009025270758122744
74.987,16.641,0.023154451574050546
74.987,17.764,0.11754387988661506
74.987,20.01,0.32181618372016013
74.987,20.639,0.5822306395814116
75.032,9.23,0.35244297227190147
75.032,9.365,0.38077259754886283
75.032,9.545,0.3669144996690586
75.032,9.724,0.5678216282775221
75.032,10.173,0.33183704564593874
75.032,10.353,0.3669144996690586
75.032,12.419,0.0
75.032,12.464,0.0
75.032,12.509,0.0
75.032,12.554,0.0
75.032,12.599,0.0
75.032,12.644,0.0
75.032,12.689,0.0
75.032,12.734,0.0
75.032,12.779,0.0
75.032,12.823,0.0
75.032,12.868,0.0
75.032,12.913,0.0
75.032,12.958,0.0
75.032,13.003,0.0
75.032,13.048,0.0
75.032,13.093,0.0
75.032,13.138,0.0
75.032,13.183,0.0
75.032,13.228,0.0
75.032,13.273,0.0
75.032,13.318,0.0
75.032,13.362,0.0
75.032,13.407,0.0
75.032,13.452,0.0
75.032,13.497,0.0
75.032,13.542,0.0
75.032,13.587,0.0
75.032,13.632,0.0
75.032,13.677,0.0
75.032,13.722,0.0
75.032,13.767,0.0
75.032,13.812,0.0
75.032,13.857,0.0
75.032,13.901,0.009129180815927803
75.032,13.946,0.004826254826254826
75.032,14.036,0.0
75.032,14.081,0.0
75.032,14.126,0.004826254826254826
75.032,14.216,0.004826254826254826
75.032,14.261,0.004826254826254826
75.032,14.306,0.0
75.032,14.351,0.019346809901545737
75.032,14.396,0.0
75.032,14.485,0.0
75.032,14.53,0.013958669870110902
75.032,14.62,0.033720797417667814
75.032,14.89,0.09364933729520207
75.032,14.934,0.08864933729520207
75.032,15.069,0.30202031053558626
75.032,15.114,0.16624275539317052
75.032,15.204,0.004826254826254826
75.032,16.507,0.019025270758122742
75.032,16.686,0.004826254826254826
75.032,18.528,0.8114651120612995
75.032,19.291,0.7592643361809476
75.032,19.426,0.08882308246894725
75.032,19.92,0.8553802840525515
75.032,20.19,0.7247744982805072
75.032,20.549,0.3503246158345879
75.032,20.594,0.0
75.077,9.41,0.2838230824689472
75.077,9.5,0.2738230824689472
75.077,9.59,0.3669144996690586
75.077,9.634,0.3669144996690586
75.077,9.724,0.421146998640292
75.077,10.488,0.42065680219282187
75.077,12.374,0.0
75.077,12.464,0.0
75.077,12.509,0.0
75.077,12.554,0.0
75.077,12.599,0.0
75.077,12.644,0.0
75.077,12.689,0.0
75.077,12.734,0.0
75.077,12.779,0.0
75.077,12.823,0.0
75.077,12.868,0.0
75.077,12.913,0.0
75.077,12.958,0.0
75.077,13.003,0.0
75.077,13.048,0.0
75.077,13.093,0.0
75.077,13.138,0.0
75.077,13.183,0.0
75.077,13.228,0.0
75.077,13.273,0.0
75.077,13.318,0.0
75.077,13.362,0.0
75.077,13.407,0.0
75.077,13.452,0.0
75.077,13.497,0.0
75.077,13.542,0.0
75.077,13.587,0.0
75.077,13.632,0.0
75.077,13.677,0.005
75.077,13.722,0.0
75.077,13.767,0.0
75.077,13.812,0.0
75.077,13.857,0.0
75.077,13.901,0.0
75.077,13.946,0.0
75.077,13.991,0.0
75.077,14.081,0.005
75.077,14.126,0.0
75.077,14.171,0.0
75.077,14.216,0.004826254826254826
75.077,14.261,0.004826254826254826
75.077,14.306,0.004826254826254826
75.077,14.44,0.018851525584377568
75.077,14.485,0.09284835322706998
75.077,14.665,0.0
75.077,14.845,0.023154451574050546
75.077,14.89,0.018914462910138086
75.077,15.249,0.5612163217875584
75.077,15.294,0.08382308246894725
75.077,16.372,0.08765390933230728
75.077,16.462,0.023831605265652468
75.077,17.854,0.10267460805332482
75.077,17.899,0.038654196529655974
75.077,19.426,0.32699036084893635
75.077,19.471,0.11286274505859874
75.077,20.504,0.21797325131215547
75.077,20.594,0.0
75.077,20.774,0.3770216710376534
75.077,20.818,0.4076406535074171
75.077,20.953,0.2990241035754059
75.122,9.859,0.35244297227190147
75.122,9.949,0.3669144996690586
75.122,10.129,0.5778017079587972
75.122,10.173,0.3669144996690586
75.122,12.24,0.008815561368734348
75.122,12.284,0.0
75.122,12.329,0.0
75.122,12.374,0.0
75.122,12.419,0.0
75.122,12.464,0.0
75.122,12.509,0.0
75.122,12.554,0.0
75.122,12.599,0.0
75.122,12.644,0.0
75.122,12.689,0.0
75.122,12.734,0.0
75.122,12.779,0.0
75.122,12.823,0.0
75.122,12.868,0.0
75.122,12.913,0.0
75.122,12.958,0.0
75.122,13.003,0.0
75.122,13.048,0.0
75.122,13.093,0.0
75.122,13.138,0.0
75.122,13.183,0.0
75.122,13.228,0.0
75.122,13.273,0.0
75.122,13.318,0.004826254826254826
75.122,13.362,0.0
75.122,13.407,0.0
75.122,13.452,0.0
75.122,13.497,0.0
75.122,13.542,0.0
75.122,13.587,0.0
75.122,13.677,0.0
75.122,13.722,0.0
75.122,13.767,0.0
75.122,13.812,0.0
75.122,13.857,0.0
75.122,13.901,0.0
75.122,13.946,0.0
75.122,13.991,0.0
75.122,14.036,0.009025270758122744
75.122,14.081,0.0
75.122,14.126,0.0
75.122,14.216,0.0
75.122,14.261,0.0
75.122,14.306,0.09284835322706998
75.122,14.351,0.10267460805332482
75.122,14.44,0.08864933729520207
75.122,14.485,0.09364933729520207
75.122,14.53,0.08382308246894725
75.122,14.575,0.08864933729520207
75.122,14.62,0.327150956168643
75.122,14.845,0.10267460805332482
75.122,14.89,0.09284835322706998
75.122,15.294,0.019025270758122742
75.122,15.878,0.03389454259141298
75.122,15.923,0.1076546877345997
75.122,17.764,0.25013265153469305
75.122,17.854,0.5178906189244522
75.122,17.899,0.09284835322706998
75.122,19.516,0.15710208313409
75.122,20.01,0.7648662510189562
75.122,20.459,0.18174325030646277
75.122,20.549,0.3167963337811026
75.122,20.639,0.0
75.122,20.953,0.3827348064854059
75.167,9.275,0.3669144996690586
75.167,9.41,0.2838230824689472
75.167,9.455,0.42065680219282187
75.167,9.634,0.5090793257537589
75.167,9.679,0.35244297227190147
75.167,10.084,0.35244297227190147
75.167,10.129,0.35244297227190147
75.167,10.173,0.19580160877609112
75.167,10.218,0.3962960826436495
75.167,10.263,0.3669144996690586
75.167,10.757,0.07809141720011127
75.167,10.847,0.3669144996690586
75.167,10.982,0.25954391129985444
75.167,11.476,0.3669144996690586
75.167,12.15,0.004302925989672977
75.167,12.195,0.0
75.167,12.24,0.0
75.167,12.284,0.0
75.167,12.329,0.0
75.167,12.374,0.0
75.167,12.419,0.0
75.167,12.464,0.0
75.167,12.509,0.0
75.167,12.554,0.0
75.167,12.599,0.0
75.167,12.644,0.0
75.167,12.689,0.0
75.167,12.734,0.0
75.167,12.779,0.0
75.167,12.823,0.0
75.167,12.868,0.0
75.167,12.913,0.0
75.167,12.958,0.0
75.167,13.003,0.004302925989672977
75.167,13.048,0.0
75.167,13.093,0.0
75.167,13.138,0.0
75.167,13.183,0.0
75.167,13.228,0.0
75.167,13.273,0.0
75.167,13.318,0.0
75.167,13.362,0.0
75.167,13.407,0.0
75.167,13.452,0.0
75.167,13.497,0.0
75.167,13.542,0.004826254826254826
75.167,13.587,0.0
75.167,13.632,0.004826254826254826
75.167,13.677,0.004826254826254826
75.167,13.722,0.0
75.167,13.767,0.0
75.167,13.812,0.0
75.167,13.857,0.0
75.167,13.901,0.0
75.167,13.946,0.004826254826254826
75.167,13.991,0.009025270758122744
75.167,14.036,0.0
75.167,14.171,0.10267460805332482
75.167,14.261,0.09284835322706998
75.167,14.306,0.08382308246894725
75.167,14.351,0.08882308246894725
75.167,14.396,0.3512910004445346
75.167,14.485,0.40591055636688217
75.167,14.53,0.08382308246894725
75.167,14.575,0.09284835322706998
75.167,14.62,0.004826254826254826
75.167,14.665,0.0977599445826692
75.167,14.71,0.08382308246894725
75.167,14.755,0.18599303948222787
75.167,14.8,0.08864933729520207
75.167,14.845,0.2838230824689472
75.167,15.878,0.0
75.167,15.923,0.018938749551385803
75.167,16.372,0.12260681721237557
75.167,16.462,0.014005350439397643
75.167,16.956,0.41554950272319807
75.167,17.854,0.009129180815927803
75.167,17.944,0.004826254826254826
75.167,18.168,0.014025270758122743
75.167,19.471,0.018936862113721958
75.167,20.01,0.08841023843225
75.167,20.1,0.47077761856173894
75.167,20.145,0.4189358244695104
75.167,20.19,0.2715015333656407
75.167,20.549,0.36098408150240713
75.167,20.639,0.0
75.167,20.684,0.3572082403778278
75.211,9.455,0.39577259754886285
75.211,9.5,0.37233371819854766
75.211,9.59,0.42065680219282187
75.211,9.634,0.5140569265501751
75.211,9.724,0.19025624328481164
75.211,10.263,0.49407932575375896
75.211,10.757,0.49505167245475457
75.211,12.015,0.0
75.211,12.06,0.0
75.211,12.15,0.0
75.211,12.195,0.0
75.211,12.24,0.0
75.211,12.284,0.0
75.211,12.329,0.0
75.211,12.374,0.0
75.211,12.419,0.0
75.211,12.464,0.0
75.211,12.509,0.0
75.211,12.554,0.0
75.211,12.599,0.0
75.211,12.644,0.0
75.211,12.689,0.004302925989672977
75.211,12.734,0.0
75.211,12.779,0.0
75.211,12.823,0.0
75.211,12.868,0.0
75.211,12.913,0.0
75.211,12.958,0.0
75.211,13.003,0.0
75.211,13.048,0.0
75.211,13.093,0.0
75.211,13.138,0.0
75.211,13.183,0.0
75.211,13.273,0.0
75.211,13.318,0.0
75.211,13.362,0.0
75.211,13.407,0.0
75.211,13.452,0.0
75.211,13.497,0.0
75.211,13.542,0.004826254826254826
75.211,13.587,0.004826254826254826
75.211,13.632,0.004826254826254826
75.211,13.677,0.004826254826254826
75.211,13.722,0.004826254826254826
75.211,13.767,0.004826254826254826
75.211,13.812,0.0
75.211,13.857,0.004826254826254826
75.211,13.901,0.0
75.211,13.946,0.0
75.211,13.991,0.0
75.211,14.126,0.08864933729520207
75.211,14.216,0.08864933729520207
75.211,14.261,0.0
75.211,14.306,0.08880068326536338
75.211,14.351,0.31771762506036016
75.211,14.396,0.09863651312877289
75.211,14.44,0.0
75.211,14.485,0.40074742824112763
75.211,14.53,0.09782843290834489
75.211,14.575,0.09284835322706998
75.211,14.62,0.009826254826254826
75.211,15.653,0.004826254826254826
75.211,17.989,0.21966912502655778
75.211,19.696,0.16114038811180567
75.211,20.01,0.31144091252332223
75.211,20.594,0.36096036640768203
75.211,20.639,0.2280369804559602
75.211,20.684,0.35677224103277433
75.211,20.774,0.6968376047109359
75.211,20.818,0.2427771069348264
75.211,20.998,0.34578958125194265
75.256,9.455,0.4986664817170617
75.256,9.5,0.49407932575375896
75.256,9.634,0.3669144996690586
75.256,9.814,0.49407932575375896
75.256,9.949,0.4209868566793167
75.256,9.994,0.3674046961165287
75.256,10.129,0.3669144996690586
75.256,10.263,0.28838837271715617
75.256,10.353,0.36724455415555335
75.256,10.398,0.3669144996690586
75.256,10.443,0.3669144996690586
75.256,12.015,0.0
75.256,12.06,0.0
75.256,12.105,0.0
75.256,12.15,0.024315306324339776
75.256,12.195,0.0
75.256,12.24,0.0
75.256,12.284,0.0
75.256,12.329,0.0
75.256,12.374,0.0
75.256,12.419,0.0
75.256,12.464,0.0
75.256,12.509,0.0
75.256,12.554,0.0
75.256,12.599,0.0
75.256,12.644,0.0
75.256,12.689,0.0
75.256,12.734,0.0
75.256,12.779,0.0
75.256,12.823,0.0
75.256,12.868,0.0
75.256,12.913,0.0
75.256,12.958,0.0
75.256,13.003,0.0
75.256,13.048,0.0
75.256,13.093,0.0
75.256,13.138,0.0
75.256,13.228,0.0
75.256,13.273,0.0
75.256,13.318,0.0
75.256,13.362,0.0
75.256,13.407,0.0
75.256,13.452,0.004826254826254826
75.256,13.497,0.005
75.256,13.542,0.0
75.256,13.587,0.0
75.256,13.632,0.004826254826254826
75.256,13.677,0.004826254826254826
75.256,13.722,0.0
75.256,13.767,0.004826254826254826
75.256,13.812,0.004826254826254826
75.256,13.857,0.005
75.256,13.901,0.004826254826254826
75.256,13.946,0.0
75.256,14.036,0.37616678465597303
75.256,14.126,0.0
75.256,14.171,0.09284835322706998
75.256,14.216,0.09284835322706998
75.256,14.261,0.31232470134238804
75.256,14.351,0.1661903685369494
75.256,14.575,0.004826254826254826
75.256,14.665,0.09284835322706998
75.256,15.698,0.03332787369969567
75.256,15.833,0.2138695848629511
75.256,17.54,0.5499730428719608
75.256,20.145,0.42659659624760193
75.256,20.369,0.10153667104321844
75.256,20.504,0.12181506674906308
75.256,20.639,0.10230493633769613
75.256,20.684,0.3068421274924642
75.256,20.818,0.6280592828654852
75.301,9.455,0.49505167245475457
75.301,9.5,0.3669144996690586
75.301,9.634,0.43488245114506063
75.301,9.994,0.36724455415555335
75.301,11.072,0.6622795656359689
75.301,12.015,0.09728700090525294
75.301,12.06,0.0
75.301,12.105,0.0
75.301,12.15,0.0
75.301,12.195,0.0
75.301,12.24,0.0
75.301,12.284,0.0
75.301,12.329,0.0
75.301,12.374,0.0
75.301,12.419,0.0
75.301,12.464,0.0
75.301,12.509,0.0
75.301,12.554,0.0
75.301,12.599,0.0
75.301,12.644,0.0
75.301,12.689,0.0
75.301,12.734,0.0
75.301,12.779,0.0
75.301,12.823,0.0
75.301,12.868,0.0
75.301,12.913,0.0
75.301,12.958,0.0
75.301,13.003,0.0
75.301,13.048,0.0
75.301,13.093,0.0
75.301,13.138,0.0
75.301,13.183,0.0
75.301,13.228,0.0
75.301,13.273,0.0
75.301,13.318,0.0
75.301,13.362,0.0
75.301,13.407,0.0
75.301,13.452,0.005
75.301,13.497,0.0
75.301,13.542,0.0
75.301,13.587,0.0
75.301,13.632,0.0
75.301,13.677,0.0
75.301,13.722,0.004826254826254826
75.301,13.767,0.0
75.301,13.812,0.0
75.301,13.857,0.0
75.301,13.901,0.0
75.301,13.946,0.0
75.301,13.991,0.08382308246894725
75.301,14.036,0.08382308246894725
75.301,14.081,0.08864933729520207
75.301,14.126,0.0
75.301,14.171,0.2838230824689472
75.301,14.216,0.37681714193207855
75.301,14.306,0.6403597460325083
75.301,14.351,0.009759653938242985
75.301,14.396,0.08382308246894725
75.301,14.44,0.0
75.301,14.485,0.28841023843225
75.301,15.653,0.2477427059310104
75.301,15.698,0.11715095616864289
75.301,15.788,0.09323649325850482
75.301,17.585,0.15808435510597577
75.301,20.145,0.2280369804559602
75.301,20.369,0.08653667104321842
75.301,20.594,0.3966145316800451
75.301,20.639,0.316428088356893
75.301,20.684,0.004302925989672977
75.301,20.729,0.3672082403778277
75.301,20.774,0.22740886151061676
75.346,9.32,0.38077259754886283
75.346,9.365,0.5688163741821017
75.346,9.41,0.49505167245475457
75.346,9.455,0.49505167245475457
75.346,9.545,0.38098790855364756
75.346,9.59,0.4159210098679631
75.346,9.634,0.5683669937688017
75.346,9.724,0.2838230824689472
75.346,9.814,0.49407932575375896
75.346,9.994,0.3669144996690586
75.346,10.084,0.48511540159855926
75.346,10.847,0.4992118472083412
75.346,10.937,0.6566170126446893
75.346,11.072,0.7224067397027788
75.346,11.566,0.49407932575375896
75.346,11.88,0.07782765450605245
75.346,11.925,0.004512635379061372
75.346,11.97,0.0
75.346,12.015,0.0
75.346,12.06,0.0
75.346,12.105,0.0
75.346,12.15,0.0
75.346,12.195,0.0
75.346,12.24,0.0
75.346,12.284,0.0
75.346,12.329,0.0
75.346,12.374,0.0
75.346,12.419,0.0
75.346,12.464,0.0
75.346,12.509,0.0
75.346,12.554,0.0
75.346,12.599,0.0
75.346,12.644,0.0
75.346,12.689,0.0
75.346,12.734,0.0
75.346,12.779,0.0
75.346,12.823,0.0
75.346,12.868,0.0
75.346,12.913,0.0
75.346,12.958,0.0
75.346,13.003,0.0
75.346,13.048,0.0
75.346,13.093,0.0
75.346,13.138,0.0
75.346,13.183,0.0
75.346,13.228,0.0
75.346,13.273,0.0
75.346,13.318,0.0
75.346,13.362,0.0
75.346,13.407,0.0
75.346,13.452,0.0
75.346,13.497,0.0
75.346,13.542,0.0
75.346,13.587,0.0
75.346,13.632,0.0
75.346,13.677,0.0
75.346,13.722,0.0
75.346,13.767,0.004826254826254826
75.346,13.812,0.004826254826254826
75.346,13.857,0.0
75.346,13.901,0.004826254826254826
75.346,13.946,0.0
75.346,14.036,0.009025270758122744
75.346,14.126,0.09284835322706998
75.346,14.171,0.08382308246894725
75.346,14.216,0.5446851583380571
75.346,14.306,0.08382308246894725
75.346,14.351,0.08382308246894725
75.346,14.44,0.08703515362016502
75.346,15.788,0.3676785095235573
75.346,15.833,0.7508637130004406
75.346,17.585,0.07265321979467522
75.346,20.055,0.5848547040864073
75.346,20.1,0.7959741698646909
75.346,20.145,0.4105807020006919
75.346,20.279,0.0
75.346,20.414,0.08653667104321842
75.346,20.504,0.3603211297436774
75.346,20.549,0.21760500588794582
75.346,20.639,0.3775860608391921
75.346,20.729,0.08695582144480364
75.346,20.774,0.3331289350364351
75.346,20.818,0.2326050058879458
75.346,20.953,0.21760500588794582
75.346,20.998,0.10693788601236044
75.391,9.32,0.38098790855364756
75.391,9.455,0.0
75.391,9.634,0.3669144996690586
75.391,9.724,0.38098790855364756
75.391,9.769,0.5314185133197383
75.391,9.859,0.3669144996690586
75.391,9.904,0.3669144996690586
75.391,9.994,0.3669144996690586
75.391,10.937,0.5835696432573534
75.391,11.027,0.6552556097651637
75.391,11.206,0.7074067397027788
75.391,11.88,0.0
75.391,11.97,0.0
75.391,12.015,0.0
75.391,12.06,0.0
75.391,12.105,0.0
75.391,12.15,0.0
75.391,12.195,0.0
75.391,12.24,0.0
75.391,12.284,0.0
75.391,12.329,0.0
75.391,12.374,0.0
75.391,12.419,0.0
75.391,12.464,0.0
75.391,12.509,0.0
75.391,12.554,0.0
75.391,12.599,0.0
75.391,12.644,0.0
75.391,12.689,0.0
75.391,12.734,0.0
75.391,12.779,0.0
75.391,12.823,0.0
75.391,12.868,0.0
75.391,12.913,0.0
75.391,12.958,0.0
75.391,13.003,0.0
75.391,13.048,0.0
75.391,13.093,0.0
75.391,13.138,0.0
75.391,13.183,0.0
75.391,13.228,0.0
75.391,13.273,0.0
75.391,13.318,0.0
75.391,13.362,0.0
75.391,13.407,0.0
75.391,13.452,0.0
75.391,13.497,0.0
75.391,13.542,0.0
75.391,13.587,0.0
75.391,13.632,0.0
75.391,13.677,0.0
75.391,13.722,0.004826254826254826
75.391,13.767,0.0
75.391,13.812,0.0
75.391,13.857,0.0
75.391,13.901,0.004826254826254826
75.391,13.946,0.0
75.391,14.081,0.0
75.391,14.171,0.08382308246894725
75.391,14.216,0.08382308246894725
75.391,14.306,0.4852167442548831
75.391,14.351,0.08382308246894725
75.391,14.396,0.08382308246894725
75.391,14.665,0.12219397317567832
75.391,15.743,0.29412144439672244
75.391,15.788,0.2088824090293803
75.391,15.833,0.7459344907219713
75.391,16.641,0.0
75.391,19.022,0.8095160615150857
75.391,20.1,0.5464246022659826
75.391,20.145,0.3753195045685739
75.391,20.279,0.3014409125233222
75.391,20.369,0.269036927741835
75.391,20.414,0.45615686572166964
75.391,20.549,0.7650465490786282
75.391,20.684,0.21797325131215547
75.391,20.774,0.10257851508496897
75.391,20.818,0.10693788601236041
75.391,20.998,0.3721954162113985
75.436,9.59,0.2838230824689472
75.436,9.634,0.3669144996690586
75.436,9.679,0.08675198204800312
75.436,10.218,0.5001841939093369
75.436,10.308,0.49505167245475457
75.436,10.443,0.49963882841805735
75.436,10.623,0.38633210021316133
75.436,11.835,0.0
75.436,11.88,0.0
75.436,11.925,0.004302925989672977
75.436,11.97,0.0
75.436,12.015,0.0
75.436,12.105,0.0
75.436,12.15,0.0
75.436,12.195,0.0
75.436,12.24,0.0
75.436,12.284,0.0
75.436,12.329,0.0
75.436,12.374,0.0
75.436,12.419,0.0
75.436,12.464,0.0
75.436,12.509,0.0
75.436,12.554,0.0
75.436,12.599,0.0
75.436,12.644,0.0
75.436,12.689,0.0
75.436,12.734,0.0
75.436,12.779,0.0
75.436,12.823,0.0
75.436,12.868,0.0
75.436,12.913,0.0
75.436,12.958,0.0
75.436,13.003,0.0
75.436,13.048,0.0
75.436,13.093,0.0
75.436,13.138,0.0
75.436,13.183,0.0
75.436,13.228,0.0
75.436,13.273,0.0
75.436,13.318,0.0
75.436,13.362,0.0
75.436,13.407,0.0
75.436,13.452,0.0
75.436,13.497,0.0
75.436,13.542,0.0
75.436,13.587,0.0
75.436,13.632,0.0
75.436,13.677,0.0
75.436,13.722,0.004826254826254826
75.436,13.767,0.0
75.436,13.812,0.0
75.436,13.857,0.005
75.436,13.901,0.0
75.436,13.946,0.013958669870110902
75.436,14.216,0.0
75.436,14.261,0.08382308246894725
75.436,14.351,0.08382308246894725
75.436,14.44,0.10758619940892401
75.436,15.788,0.7611179002967948
75.436,15.878,0.08864933729520207
75.436,15.923,0.29648982648893
75.436,19.785,0.4265741970440181
75.436,20.1,0.4437937377397673
75.436,20.19,0.21761783005437502
75.436,20.369,0.227617830054375
75.436,20.414,0.2715015333656407
75.436,20.459,0.32669101864373284
75.436,20.504,0.31144091252332223
75.436,20.549,0.3114409125233222
75.436,20.594,0.22260500588794582
75.436,20.639,0.28376297837024483
75.436,20.729,0.227617830054375
75.436,20.774,0.2573571434107889
75.436,20.953,0.2326050058879458
75.481,9.365,0.6573787161081346
75.481,9.5,0.38577259754886284
75.481,9.59,0.1622445541555533
75.481,9.634,0.49407932575375896
75.481,9.724,0.5314185133197383
75.481,9.769,0.6609181627564433
75.481,9.814,0.49505167245475457
75.481,9.859,0.36724455415555335
75.481,9.904,0.3967449442498585
75.481,10.488,0.12716377421036942
75.481,10.533,0.4937047578724345
75.481,10.667,0.386547411217946
75.481,10.892,0.5517510118245231
75.481,11.79,0.004302925989672977
75.481,11.835,0.0
75.481,11.88,0.0
75.481,11.925,0.0
75.481,11.97,0.0
75.481,12.015,0.0
75.481,12.06,0.0
75.481,12.105,0.0
75.481,12.15,0.0
75.481,12.195,0.0
75.481,12.24,0.0
75.481,12.284,0.0
75.481,12.329,0.0
75.481,12.374,0.0
75.481,12.419,0.0
75.481,12.464,0.0
75.481,12.509,0.0
75.481,12.554,0.0
75.481,12.599,0.0
75.481,12.644,0.0
75.481,12.689,0.0
75.481,12.734,0.0
75.481,12.779,0.0
75.481,12.823,0.0
75.481,12.868,0.0
75.481,12.913,0.0
75.481,12.958,0.0
75.481,13.003,0.0
75.481,13.048,0.0
75.481,13.093,0.0
75.481,13.138,0.0
75.481,13.183,0.0
75.481,13.228,0.0
75.481,13.273,0.0
75.481,13.318,0.0
75.481,13.362,0.005
75.481,13.407,0.0
75.481,13.452,0.0
75.481,13.497,0.0
75.481,13.542,0.0
75.481,13.587,0.0
75.481,13.632,0.0
75.481,13.677,0.0
75.481,13.722,0.0
75.481,13.767,0.0
75.481,13.812,0.0
75.481,13.857,0.0
75.481,13.901,0.5512924974342084
75.481,13.946,0.0
75.481,14.126,0.5115081823255777
75.481,14.171,0.0
75.481,14.261,0.2838230824689472
75.481,14.396,0.08382308246894725
75.481,14.755,0.6031797358568478
75.481,19.471,0.3268457088936392
75.481,19.83,0.6000830508272013
75.481,20.145,0.38258606083919217
75.481,20.19,0.34723063958141154
75.481,20.279,0.4272439023094158
75.481,20.369,0.22227617730182847
75.481,20.414,0.227617830054375
75.481,20.594,0.21760500588794582
75.481,20.639,0.29339473294603524
75.481,20.684,0.28339473294603523
75.481,20.774,0.227617830054375
75.481,20.953,0.043592943160436236
75.526,9.365,0.6702556097651636
75.526,9.724,0.19080160877609115
75.526,9.769,0.4946246912450385
75.526,9.994,0.39133210021316134
75.526,10.398,0.711377835328038
75.526,10.488,0.5314185133197383
75.526,10.757,0.42525560976516397
75.526,11.341,0.49505167245475457
75.526,11.745,0.0
75.526,11.79,0.0
75.526,11.835,0.0
75.526,11.88,0.0
75.526,11.925,0.0
75.526,11.97,0.0
75.526,12.015,0.0
75.526,12.06,0.0
75.526,12.105,0.0
75.526,12.15,0.0
75.526,12.195,0.0
75.526,12.24,0.0
75.526,12.284,0.0
75.526,12.329,0.0
75.526,12.374,0.0
75.526,12.419,0.0
75.526,12.464,0.0
75.526,12.509,0.0
75.526,12.554,0.0
75.526,12.599,0.0
75.526,12.644,0.0
75.526,12.689,0.0
75.526,12.734,0.0
75.526,12.779,0.0
75.526,12.823,0.0
75.526,12.868,0.0
75.526,12.913,0.0
75.526,12.958,0.0
75.526,13.003,0.0
75.526,13.048,0.0
75.526,13.093,0.0
75.526,13.138,0.0
75.526,13.183,0.0
75.526,13.228,0.0
75.526,13.273,0.0
75.526,13.318,0.0
75.526,13.362,0.0
75.526,13.407,0.0
75.526,13.452,0.0
75.526,13.497,0.0
75.526,13.542,0.0
75.526,13.587,0.0
75.526,13.632,0.5766548206511468
75.526,13.677,0.0
75.526,13.722,0.0
75.526,13.767,0.01887026122571012
75.526,13.812,0.009025270758122744
75.526,13.857,0.08382308246894725
75.526,14.036,0.29235205499689215
75.526,14.126,0.6678128792444812
75.526,14.171,0.09284835322706998
75.526,14.396,0.10732470134238806
75.526,14.44,0.1661903685369494
75.526,15.968,0.36077875300647977
75.526,17.674,0.09716995701328056
75.526,19.785,0.7693676205754266
75.526,19.92,0.20531941887613858
75.526,20.145,0.3856749258263544
75.526,20.324,0.39507042546318544
75.526,20.459,0.4122439023094157
75.526,20.549,0.2026815591981798
75.526,20.594,0.2940145285382512
75.571,9.14,0.35244297227190147
75.571,9.545,0.5578853574213268
75.571,9.634,0.0
75.571,9.769,0.07842147168660608
75.571,9.859,0.6566170126446893
75.571,10.847,0.5985696432573534
75.571,10.892,0.6475540016106166
75.571,11.656,0.0
75.571,11.701,0.004302925989672977
75.571,11.745,0.004302925989672977
75.571,11.79,0.0
75.571,11.835,0.0
75.571,11.88,0.0
75.571,11.925,0.0
75.571,11.97,0.0
75.571,12.015,0.0
75.571,12.06,0.0
75.571,12.105,0.0
75.571,12.15,0.0
75.571,12.195,0.0
75.571,12.24,0.0
75.571,12.284,0.0
75.571,12.329,0.0
75.571,12.374,0.0
75.571,12.419,0.0
75.571,12.464,0.0
75.571,12.509,0.0
75.571,12.554,0.0
75.571,12.599,0.0
75.571,12.644,0.0
75.571,12.689,0.0
75.571,12.734,0.0
75.571,12.779,0.0
75.571,12.823,0.0
75.571,12.868,0.0
75.571,12.913,0.0
75.571,12.958,0.0
75.571,13.003,0.0
75.571,13.048,0.0
75.571,13.093,0.0
75.571,13.138,0.0
75.571,13.183,0.0
75.571,13.228,0.0
75.571,13.273,0.0
75.571,13.318,0.0
75.571,13.362,0.0
75.571,13.407,0.0
75.571,13.452,0.0
75.571,13.497,0.0
75.571,13.542,0.0
75.571,13.722,0.018851525584377568
75.571,13.812,0.004826254826254826
75.571,13.857,0.0
75.571,14.126,0.0
75.571,15.788,0.11025547093776204
75.571,17.719,0.18125588568552412
75.571,19.067,0.47320668765824186
75.571,19.875,0.6939340178293965
75.571,20.145,0.7650539488010901
75.571,20.19,0.3622082403778277
75.571,20.324,0.5852715593816324
75.571,20.594,0.3425049888510319
75.571,20.684,0.22740886151061676
75.571,20.729,0.3775860608391921
75.616,9.23,0.4601544442696527
75.616,9.41,0.34143252729621665
75.616,9.5,0.5314185133197383
75.616,9.634,0.4992118472083412
75.616,9.724,0.43446960710836335
75.616,10.084,0.8072835032911759
75.616,11.521,0.004512635379061372
75.616,11.566,0.0
75.616,11.611,0.0
75.616,11.656,0.0
75.616,11.701,0.004302925989672977
75.616,11.745,0.0
75.616,11.79,0.0
75.616,11.835,0.0
75.616,11.88,0.0
75.616,11.925,0.0
75.616,11.97,0.004302925989672977
75.616,12.015,0.0
75.616,12.06,0.0
75.616,12.105,0.0
75.616,12.15,0.0
75.616,12.195,0.0
75.616,12.24,0.0
75.616,12.284,0.0
75.616,12.329,0.0
75.616,12.374,0.0
75.616,12.419,0.0
75.616,12.464,0.0
75.616,12.509,0.0
75.616,12.554,0.0
75.616,12.599,0.0
75.616,12.644,0.0
75.616,12.689,0.0
75.616,12.734,0.0
75.616,12.779,0.0
75.616,12.823,0.0
75.616,12.868,0.0
75.616,12.913,0.0
75.616,12.958,0.0
75.616,13.003,0.0
75.616,13.048,0.005
75.616,13.093,0.0
75.616,13.138,0.004826254826254826
75.616,13.183,0.0
75.616,13.228,0.0
75.616,13.273,0.0
75.616,13.318,0.0
75.616,13.362,0.0
75.616,13.407,0.0
75.616,13.452,0.0
75.616,13.497,0.0
75.616,13.542,0.0
75.616,13.587,0.0
75.616,13.632,0.0
75.616,13.677,0.009025270758122744
75.616,13.767,0.10273754537908532
75.616,13.812,0.009025270758122744
75.616,13.901,0.018851525584377568
75.616,13.946,0.004826254826254826
75.616,13.991,0.0
75.616,14.036,0.009520555075290912
75.616,14.126,0.51648982648893
75.616,14.171,0.3513516758034914
75.616,14.261,0.2638230824689472
75.616,14.306,0.08382308246894725
75.616,19.112,0.6937768571220622
75.616,19.74,0.7274730845455104
75.616,19.875,0.6898780467909424
75.616,19.965,0.5314409125233223
75.616,20.145,0.35590311539344666
75.616,20.235,0.45137131744650427
75.616,20.279,0.3193699497960316
75.616,20.639,0.3622306395814116
75.616,20.729,0.3822178154149825
75.616,20.774,0.40696995293782556
75.661,9.41,0.5096246912450385
75.661,9.455,0.35244297227190147
75.661,9.814,0.2718244568332707
75.661,9.859,0.8029327942392716
75.661,10.757,0.8029327942392716
75.661,11.476,0.0
75.661,11.521,0.0
75.661,11.566,0.004302925989672977
75.661,11.611,0.0
75.661,11.656,0.0
75.661,11.701,0.0
75.661,11.745,0.0
75.661,11.79,0.0
75.661,11.835,0.0
75.661,11.88,0.0
75.661,11.925,0.0
75.661,11.97,0.0
75.661,12.015,0.0
75.661,12.06,0.0
75.661,12.105,0.0
75.661,12.15,0.0
75.661,12.195,0.0
75.661,12.24,0.0
75.661,12.284,0.0
75.661,12.329,0.005
75.661,12.374,0.0
75.661,12.419,0.0
75.661,12.464,0.0
75.661,12.509,0.0
75.661,12.554,0.0
75.661,12.599,0.0
75.661,12.644,0.0
75.661,12.689,0.0
75.661,12.734,0.0
75.661,12.779,0.0
75.661,12.823,0.0
75.661,12.868,0.0
75.661,12.913,0.0
75.661,12.958,0.0
75.661,13.003,0.0
75.661,13.048,0.0
75.661,13.093,0.009129180815927803
75.661,13.138,0.0
75.661,13.183,0.0
75.661,13.228,0.004826254826254826
75.661,13.273,0.0
75.661,13.318,0.0
75.661,13.362,0.0
75.661,13.407,0.0
75.661,13.452,0.0
75.661,13.497,0.0
75.661,13.542,0.0
75.661,13.587,0.0
75.661,13.632,0.0
75.661,13.677,0.0
75.661,13.722,0.004826254826254826
75.661,13.767,0.0
75.661,13.812,0.09782843290834489
75.661,13.857,0.0
75.661,13.901,0.004826254826254826
75.661,13.946,0.004826254826254826
75.661,13.991,0.009826254826254826
75.661,14.036,0.08382308246894725
75.661,14.081,0.11754869792077123
75.661,14.126,0.08382308246894725
75.661,14.171,0.08864933729520207
75.661,14.261,0.08864933729520207
75.661,14.396,0.12254021632436374
75.661,14.44,0.08864933729520207
75.661,18.393,0.5610632343050647
75.661,19.067,0.5417963337811027
75.661,19.83,0.8519328101376276
75.661,19.92,0.8522803299811342
75.661,19.965,0.27770894284041686
75.661,20.145,0.6813395451681201
75.661,20.235,0.29164991931779616
75.661,20.369,0.21760500588794582
75.661,20.414,0.3164643070310999
75.661,20.639,0.43132807131997913
75.661,20.684,0.32777862504466876
75.661,20.729,0.662379464095142
75.706,9.14,0.5728017079587971
75.706,9.814,0.6609181627564433
75.706,11.431,0.0
75.706,11.476,0.0
75.706,11.521,0.0
75.706,11.566,0.0
75.706,11.611,0.0
75.706,11.656,0.0
75.706,11.701,0.0
75.706,11.745,0.0
75.706,11.79,0.0
75.706,11.835,0.0
75.706,11.88,0.0
75.706,11.925,0.0
75.706,11.97,0.0
75.706,12.015,0.0
75.706,12.06,0.0
75.706,12.105,0.0
75.706,12.15,0.0
75.706,12.195,0.0
75.706,12.24,0.0
75.706,12.284,0.0
75.706,12.329,0.0
75.706,12.374,0.0
75.706,12.419,0.0
75.706,12.464,0.0
75.706,12.509,0.0
75.706,12.554,0.0
75.706,12.599,0.0
75.706,12.644,0.0
75.706,12.689,0.0
75.706,12.734,0.0
75.706,12.779,0.0
75.706,12.823,0.0
75.706,12.868,0.0
75.706,12.913,0.0
75.706,12.958,0.0
75.706,13.003,0.0
75.706,13.048,0.004826254826254826
75.706,13.093,0.0
75.706,13.138,0.0
75.706,13.183,0.0
75.706,13.228,0.0
75.706,13.273,0.0
75.706,13.318,0.0
75.706,13.362,0.0
75.706,13.407,0.0
75.706,13.452,0.0
75.706,13.497,0.0
75.706,13.542,0.0
75.706,13.587,0.0
75.706,13.632,0.0
75.706,13.677,0.08382308246894725
75.706,13.722,0.004826254826254826
75.706,13.767,0.004826254826254826
75.706,13.812,0.08382308246894725
75.706,13.901,0.018851525584377568
75.706,13.946,0.0
75.706,13.991,0.004826254826254826
75.706,14.036,0.009129180815927803
75.706,14.081,0.10758619940892401
75.706,14.126,0.018851525584377568
75.706,14.171,0.09364933729520207
75.706,14.216,0.12247727899860322
75.706,14.261,0.3086186788865919
75.706,14.396,0.09694951507991569
75.706,14.44,0.028372080659668484
75.706,19.067,0.5942085889238787
75.706,19.112,0.7673634526518582
75.706,19.696,0.8024935359876447
75.706,19.92,0.3414185133197383
75.706,20.324,0.21797325131215547
75.75,9.545,0.35244297227190147
75.75,9.859,0.6552556097651637
75.75,11.341,0.004302925989672977
75.75,11.386,0.0
75.75,11.431,0.0
75.75,11.476,0.0
75.75,11.521,0.004302925989672977
75.75,11.566,0.0
75.75,11.611,0.0
75.75,11.656,0.0
75.75,11.701,0.0
75.75,11.745,0.0
75.75,11.79,0.005
75.75,11.835,0.0
75.75,11.88,0.0
75.75,11.925,0.0
75.75,11.97,0.0
75.75,12.015,0.0
75.75,12.06,0.0
75.75,12.105,0.0
75.75,12.15,0.0
75.75,12.195,0.0
75.75,12.24,0.0
75.75,12.284,0.004826254826254826
75.75,12.329,0.0
75.75,12.374,0.0
75.75,12.419,0.0
75.75,12.464,0.0
75.75,12.509,0.0
75.75,12.554,0.0
75.75,12.599,0.0
75.75,12.644,0.0
75.75,12.689,0.0
75.75,12.734,0.005
75.75,12.779,0.0
75.75,12.823,0.0
75.75,12.868,0.0
75.75,12.913,0.005
75.75,12.958,0.004826254826254826
75.75,13.003,0.009302925989672977
75.75,13.048,0.0
75.75,13.093,0.0
75.75,13.138,0.0
75.75,13.183,0.0
75.75,13.228,0.08382308246894725
75.75,13.362,0.0
75.75,13.407,0.0
75.75,13.452,0.0
75.75,13.497,0.0
75.75,13.542,0.0
75.75,13.587,0.0
75.75,13.632,0.08694951507991566
75.75,13.677,0.0
75.75,13.722,0.0
75.75,13.767,0.0
75.75,13.812,0.0
75.75,13.857,0.0
75.75,13.901,0.0
75.75,13.946,0.0
75.75,13.991,0.0
75.75,14.036,0.0
75.75,14.081,0.0
75.75,14.126,0.0
75.75,14.306,0.0978259540234861
75.75,14.351,0.09694951507991569
75.75,14.396,0.1254511339533565
75.75,14.71,0.009129180815927803
75.75,19.022,0.4366839588421317
75.75,19.74,0.6904007863662481
75.75,19.785,0.8248576976068943
75.75,19.875,0.7967298812438594
75.75,20.279,0.2766736344125213
75.75,20.818,0.21551191090527688
75.795,10.263,0.7130361103321495
75.795,11.206,0.008815561368734348
75.795,11.296,0.0
75.795,11.341,0.0
75.795,11.386,0.0
75.795,11.431,0.0
75.795,11.476,0.0
75.795,11.521,0.0
75.795,11.566,0.0
75.795,11.611,0.0
75.795,11.656,0.0
75.795,11.701,0.0
75.795,11.745,0.0
75.795,11.79,0.0
75.795,11.835,0.0
75.795,11.88,0.0
75.795,11.925,0.0
75.795,11.97,0.0
75.795,12.015,0.0
75.795,12.06,0.0
75.795,12.105,0.0
75.795,12.15,0.0
75.795,12.195,0.0
75.795,12.24,0.0
75.795,12.284,0.0
75.795,12.329,0.0
75.795,12.374,0.0
75.795,12.419,0.0
75.795,12.464,0.0
75.795,12.509,0.0
75.795,12.554,0.0
75.795,12.599,0.0
75.795,12.644,0.0
75.795,12.689,0.0
75.795,12.734,0.0
75.795,12.779,0.004826254826254826
75.795,12.823,0.0
75.795,12.868,0.0
75.795,12.958,0.004826254826254826
75.795,13.003,0.0
75.795,13.048,0.0
75.795,13.093,0.004826254826254826
75.795,13.138,0.0
75.795,13.183,0.09284835322706998
75.795,13.362,0.08382308246894725
75.795,13.407,0.0
75.795,13.452,0.0
75.795,13.497,0.0
75.795,13.542,0.0
75.795,13.587,0.08382308246894725
75.795,13.677,0.08382308246894725
75.795,13.767,0.08382308246894725
75.795,13.812,0.08382308246894725
75.795,13.857,0.09753941924817779
75.795,13.901,0.2838230824689472
75.795,13.946,0.0
75.795,13.991,0.0
75.795,14.036,0.08382308246894725
75.795,14.081,0.00493339911198816
75.795,14.216,0.08382308246894725
75.795,14.261,0.0
75.795,14.351,0.0
75.795,14.71,0.2527789365070751
75.795,14.979,0.18104128453359192
75.795,19.067,0.5677327408489198
75.795,19.74,0.4738548444741176
75.795,19.92,0.7922356740782368
75.795,19.965,0.5661979932200909
75.795,20.145,0.7253830998404635
75.795,20.235,0.28382795919807685
75.795,20.504,0.6630080867375052
75.795,20.594,0.31644091252332224
75.795,20.729,0.42740317918986725
75.84,9.724,0.3669144996690586
75.84,9.859,0.49407932575375896
75.84,9.904,0.49407932575375896
75.84,10.443,0.7130361103321495
75.84,11.117,0.0
75.84,11.162,0.0
75.84,11.206,0.0
75.84,11.251,0.0
75.84,11.296,0.0
75.84,11.341,0.0
75.84,11.386,0.0
75.84,11.431,0.0
75.84,11.476,0.0
75.84,11.521,0.0
75.84,11.566,0.0
75.84,11.611,0.0
75.84,11.656,0.0
75.84,11.701,0.0
75.84,11.745,0.0
75.84,11.79,0.0
75.84,11.835,0.0
75.84,11.88,0.0
75.84,11.925,0.0
75.84,11.97,0.0
75.84,12.015,0.0
75.84,12.06,0.0
75.84,12.105,0.0
75.84,12.15,0.0
75.84,12.195,0.0
75.84,12.24,0.004826254826254826
75.84,12.284,0.004826254826254826
75.84,12.329,0.0
75.84,12.374,0.0
75.84,12.419,0.0
75.84,12.464,0.0
75.84,12.509,0.0
75.84,12.554,0.0
75.84,12.599,0.0
75.84,12.644,0.0
75.84,12.689,0.0
75.84,12.734,0.0
75.84,12.779,0.004826254826254826
75.84,12.823,0.005
75.84,12.868,0.0
75.84,12.913,0.0
75.84,12.958,0.0
75.84,13.003,0.0
75.84,13.048,0.0
75.84,13.093,0.07387900538745537
75.84,13.362,0.15135167580349132
75.84,13.407,0.2638230824689472
75.84,13.452,0.0
75.84,13.497,0.08382308246894725
75.84,13.587,0.0
75.84,13.677,0.009025270758122744
75.84,13.722,0.0
75.84,13.767,0.0
75.84,13.812,0.08382308246894725
75.84,13.857,0.0
75.84,13.901,0.2838230824689472
75.84,13.946,0.08382308246894725
75.84,13.991,0.2838230824689472
75.84,14.081,0.08382308246894725
75.84,14.261,0.09719492030775571
75.84,14.306,0.037977042838054045
75.84,14.351,0.004826254826254826
75.84,14.44,0.11256380020534014
75.84,15.024,0.09295226328487503
75.84,19.022,0.6146842446065326
75.84,19.067,0.8302621667022714
75.84,19.112,0.8003835162854367
75.84,19.426,0.6247817074386983
75.84,19.696,0.7502777204704258
75.84,20.145,0.3918889868288651
75.84,20.235,0.2991962046222864
75.84,20.324,0.2883851579088806
75.84,20.459,0.33888335903701133
75.84,20.504,0.6569520175053823
75.84,20.594,0.322769050007514
75.84,20.639,0.2740145285382512
75.885,9.859,0.39660534436434147
75.885,10.084,0.5678216282775221
75.885,10.308,0.3669144996690586
75.885,10.937,0.0
75.885,10.982,0.0
75.885,11.027,0.09160786232736912
75.885,11.072,0.0
75.885,11.117,0.0
75.885,11.162,0.0
75.885,11.206,0.0
75.885,11.251,0.0
75.885,11.296,0.0
75.885,11.341,0.0
75.885,11.386,0.0
75.885,11.431,0.004302925989672977
75.885,11.476,0.0
75.885,11.521,0.0
75.885,11.566,0.0
75.885,11.611,0.0
75.885,11.656,0.0
75.885,11.701,0.0
75.885,11.745,0.0
75.885,11.79,0.0
75.885,11.835,0.0
75.885,11.88,0.0
75.885,11.925,0.0
75.885,11.97,0.0
75.885,12.015,0.0
75.885,12.06,0.0
75.885,12.105,0.0
75.885,12.15,0.004826254826254826
75.885,12.195,0.0
75.885,12.24,0.0
75.885,12.284,0.0
75.885,12.329,0.004826254826254826
75.885,12.374,0.0
75.885,12.419,0.0
75.885,12.464,0.0
75.885,12.509,0.0
75.885,12.554,0.0
75.885,12.599,0.0
75.885,12.644,0.0
75.885,12.689,0.0
75.885,12.734,0.0
75.885,12.779,0.004826254826254826
75.885,12.823,0.005
75.885,12.868,0.0
75.885,12.913,0.0
75.885,12.958,0.0
75.885,13.003,0.0
75.885,13.048,0.0
75.885,13.497,0.11265102417234839
75.885,13.542,0.0
75.885,13.632,0.22795268168082028
75.885,13.677,0.0977599445826692
75.885,13.722,0.08880068326536338
75.885,13.767,0.009025270758122744
75.885,13.812,0.0
75.885,13.857,0.0
75.885,13.901,0.09284835322706998
75.885,13.946,0.08382308246894725
75.885,14.036,0.08382308246894725
75.885,14.171,0.004826254826254826
75.885,14.216,0.004826254826254826
75.885,14.306,0.033720797417667814
75.885,14.351,0.10178207627105847
75.885,14.396,0.018914462910138086
75.885,14.62,0.5662163217875584
75.885,14.71,0.7007690973130348
75.885,15.114,0.1661704482182243
75.885,18.393,0.7379953708301616
75.885,18.663,0.6989790222194494
75.885,19.067,0.7670671215135703
75.885,19.112,0.7867006169383717
75.885,20.055,0.6873868689325277
75.885,20.19,0.3930192870912337
75.885,20.235,0.24779950613841029
75.885,20.279,0.8365893897304582
75.885,20.414,0.601323534693731
75.885,20.459,0.2676743434008168
75.885,20.504,0.5561640561224465
75.885,20.594,0.2714740228960428
75.93,10.218,0.49407932575375896
75.93,10.757,0.009025270758122744
75.93,10.802,0.004302925989672977
75.93,10.847,0.004302925989672977
75.93,10.892,0.004302925989672977
75.93,10.937,0.07201324422372042
75.93,10.982,0.0
75.93,11.027,0.0
75.93,11.072,0.0
75.93,11.117,0.0
75.93,11.162,0.0
75.93,11.206,0.0
75.93,11.251,0.0
75.93,11.296,0.0
75.93,11.341,0.0
75.93,11.386,0.0
75.93,11.431,0.0
75.93,11.476,0.0
75.93,11.521,0.0
75.93,11.566,0.0
75.93,11.611,0.0
75.93,11.656,0.0
75.93,11.701,0.0
75.93,11.745,0.0
75.93,11.79,0.0
75.93,11.835,0.004826254826254826
75.93,11.88,0.0
75.93,11.925,0.0
75.93,11.97,0.0
75.93,12.015,0.0
75.93,12.06,0.0
75.93,12.105,0.0
75.93,12.15,0.0
75.93,12.195,0.0
75.93,12.24,0.0
75.93,12.284,0.0
75.93,12.329,0.0
75.93,12.374,0.0
75.93,12.419,0.2538230824689472
75.93,12.464,0.09284835322706998
75.93,12.509,0.08382308246894725
75.93,12.554,0.0
75.93,12.599,0.0
75.93,12.644,0.0
75.93,12.689,0.08382308246894725
75.93,12.734,0.0
75.93,12.823,0.009129180815927803
75.93,12.868,0.0
75.93,12.913,0.0
75.93,13.677,0.038348496778692065
75.93,13.767,0.0
75.93,13.901,0.3077375453790853
75.93,13.991,0.08382308246894725
75.93,14.036,0.0
75.93,14.081,0.08382308246894725
75.93,14.171,0.10267460805332482
75.93,14.216,0.0
75.93,14.261,0.004826254826254826
75.93,14.351,0.0780533752604198
75.93,14.396,0.0
75.93,14.53,0.02874071773639291
75.93,18.124,0.5507322651902794
75.93,18.393,0.4799749648837317
75.93,19.067,0.826520560327608
75.93,19.336,0.41100638716013294
75.93,20.055,0.612389916461863
75.93,20.145,0.3703083055772483
75.93,20.235,0.4717523892048176
75.93,20.369,0.4083058548828302
75.93,20.414,0.2828325067737609
75.93,20.459,0.27221768933220636
75.975,10.667,0.004302925989672977
75.975,10.712,0.0
75.975,10.757,0.004302925989672977
75.975,10.802,0.0
75.975,10.847,0.0
75.975,10.892,0.0
75.975,10.937,0.0
75.975,10.982,0.0
75.975,11.027,0.0
75.975,11.072,0.0
75.975,11.117,0.0
75.975,11.162,0.0
75.975,11.206,0.0
75.975,11.251,0.0
75.975,11.296,0.0
75.975,11.341,0.0
75.975,11.386,0.0
75.975,11.431,0.004302925989672977
75.975,11.476,0.0
75.975,11.521,0.0
75.975,11.566,0.0
75.975,11.611,0.08194951507991569
75.975,11.656,0.0
75.975,11.701,0.004826254826254826
75.975,11.745,0.004826254826254826
75.975,11.79,0.009129180815927803
75.975,11.835,0.0
75.975,11.88,0.0
75.975,11.925,0.0
75.975,11.97,0.0
75.975,12.015,0.0
75.975,12.06,0.004826254826254826
75.975,12.105,0.009129180815927803
75.975,12.15,0.004826254826254826
75.975,12.195,0.0
75.975,12.24,0.0
75.975,12.284,0.0
75.975,12.329,0.0
75.975,12.374,0.0
75.975,12.464,0.08382308246894725
75.975,12.734,0.08864933729520207
75.975,13.003,0.09284835322706998
75.975,13.452,0.0
75.975,13.857,0.0
75.975,13.946,0.09284835322706998
75.975,13.991,0.08882308246894725
75.975,14.126,0.004826254826254826
75.975,14.171,0.004826254826254826
75.975,14.261,0.004826254826254826
75.975,14.306,0.014803855622670954
75.975,14.44,0.004826254826254826
75.975,14.485,0.0
75.975,14.53,0.0
75.975,19.965,0.4083794767049173
75.975,20.1,0.4461434223945489
75.975,20.145,0.43740317918986726
75.975,20.19,0.28630538898831165
76.02,10.578,0.0
76.02,10.623,0.0
76.02,10.667,0.0
76.02,10.712,0.004302925989672977
76.02,10.757,0.0
76.02,10.802,0.0
76.02,10.892,0.0
76.02,10.937,0.0
76.02,10.982,0.0
76.02,11.027,0.08730493633769613
76.02,11.072,0.0
76.02,11.117,0.0
76.02,11.162,0.0
76.02,11.206,0.0
76.02,11.251,0.004302925989672977
76.02,11.296,0.0
76.02,11.341,0.0
76.02,11.386,0.0
76.02,11.431,0.0
76.02,11.476,0.0
76.02,11.521,0.0
76.02,11.566,0.0
76.02,11.611,0.0
76.02,11.656,0.0
76.02,11.701,0.0
76.02,11.745,0.005
76.02,11.79,0.0
76.02,11.835,0.0
76.02,11.88,0.0
76.02,11.925,0.0
76.02,11.97,0.0
76.02,12.015,0.0
76.02,12.06,0.004826254826254826
76.02,12.105,0.004826254826254826
76.02,12.15,0.0
76.02,12.195,0.009129180815927803
76.02,12.24,0.0
76.02,12.284,0.004826254826254826
76.02,12.329,0.14644008444789208
76.02,12.419,0.40126949074428436
76.02,13.857,0.028827941703401142
76.02,13.901,0.08382308246894725
76.02,13.946,0.2538230824689472
76.02,14.216,0.0735180995280948
76.02,14.261,0.02874071773639291
76.02,14.306,0.004826254826254826
76.02,18.707,0.6946417428514254
76.02,20.01,0.5955613650425802
76.02,20.1,0.6519031543958032
76.02,20.145,0.5828376110071984
76.02,20.235,0.412431926378718
76.02,20.279,0.39460939825257063
76.02,20.414,0.34219423075966193
76.065,10.488,0.004302925989672977
76.065,10.533,0.004302925989672977
76.065,10.578,0.004302925989672977
76.065,10.667,0.0
76.065,10.712,0.0
76.065,10.757,0.004512635379061372
76.065,10.802,0.0
76.065,10.847,0.08730493633769613
76.065,10.892,0.08194951507991569
76.065,10.937,0.0
76.065,10.982,0.0
76.065,11.027,0.0
76.065,11.072,0.054079596552993214
76.065,11.117,0.0
76.065,11.162,0.0
76.065,11.206,0.0
76.065,11.251,0.0
76.065,11.296,0.0
76.065,11.341,0.0
76.065,11.386,0.0
76.065,11.431,0.0
76.065,11.476,0.0
76.065,11.521,0.0
76.065,11.566,0.0
76.065,11.611,0.0
76.065,11.656,0.005
76.065,11.701,0.0
76.065,11.745,0.004826254826254826
76.065,11.79,0.004826254826254826
76.065,11.835,0.0
76.065,11.88,0.0
76.065,11.925,0.0
76.065,11.97,0.0
76.065,12.015,0.0
76.065,12.06,0.004826254826254826
76.065,12.105,0.0
76.065,12.15,0.004826254826254826
76.065,12.195,0.005
76.065,12.24,0.004826254826254826
76.065,12.284,0.08382308246894725
76.065,14.261,0.40089146425025823
76.065,14.396,0.29275994458266913
76.065,14.53,0.30630078593694404
76.065,19.696,0.8365325521891377
76.065,19.785,0.7902722162427746
76.065,19.83,0.5754495554023998
76.065,19.875,0.5504438969343581
76.065,20.01,0.40165922856766734
76.065,20.1,0.36958552922890553
76.065,20.19,0.2969520301183659
76.065,20.459,0.5976777350983064
76.065,20.504,0.4770633566959356
76.065,20.594,0.38283761100719843
76.11,10.353,0.12600968985844582
76.11,10.398,0.004302925989672977
76.11,10.443,0.004302925989672977
76.11,10.488,0.0
76.11,10.533,0.0
76.11,10.578,0.0
76.11,10.623,0.004512635379061372
76.11,10.667,0.0
76.11,10.712,0.0
76.11,10.757,0.0
76.11,10.802,0.0
76.11,10.847,0.0
76.11,10.892,0.0
76.11,10.937,0.0
76.11,10.982,0.0
76.11,11.027,0.0
76.11,11.072,0.0
76.11,11.117,0.0
76.11,11.162,0.0
76.11,11.206,0.0
76.11,11.251,0.0
76.11,11.296,0.0
76.11,11.341,0.0
76.11,11.386,0.0
76.11,11.431,0.0
76.11,11.476,0.0
76.11,11.521,0.0
76.11,11.566,0.0
76.11,11.611,0.05323994460059416
76.11,11.656,0.004826254826254826
76.11,11.701,0.005
76.11,11.745,0.0
76.11,11.79,0.0
76.11,11.835,0.009025270758122744
76.11,11.88,0.0
76.11,11.925,0.005
76.11,11.97,0.0
76.11,12.015,0.0
76.11,12.06,0.0
76.11,12.105,0.0
76.11,12.15,0.0
76.11,12.195,0.0
76.11,12.24,0.08382308246894725
76.11,12.284,0.09284835322706998
76.11,12.464,0.38108790045382
76.11,13.183,0.31214977149125034
76.11,19.561,0.8050361306805539
76.11,19.74,0.7413900773718295
76.11,19.875,0.5708685037324396
76.11,20.235,0.49663116083336706
76.11,20.459,0.4472916442605802
76.11,20.504,0.45688666950213835
76.11,20.729,0.41702404283736166
76.155,8.017,0.35244297227190147
76.155,8.062,0.3669144996690586
76.155,8.107,0.35244297227190147
76.155,10.218,0.0
76.155,10.263,0.0
76.155,10.308,0.004302925989672977
76.155,10.353,0.004302925989672977
76.155,10.398,0.004302925989672977
76.155,10.443,0.0
76.155,10.488,0.008815561368734348
76.155,10.533,0.0
76.155,10.578,0.004302925989672977
76.155,10.623,0.0
76.155,10.667,0.0
76.155,10.712,0.0
76.155,10.757,0.004302925989672977
76.155,10.802,0.0
76.155,10.847,0.0
76.155,10.892,0.0
76.155,10.937,0.0
76.155,10.982,0.0
76.155,11.027,0.0
76.155,11.072,0.0
76.155,11.117,0.0
76.155,11.162,0.0
76.155,11.206,0.0
76.155,11.251,0.0
76.155,11.296,0.0
76.155,11.341,0.0
76.155,11.386,0.0
76.155,11.431,0.0
76.155,11.476,0.0
76.155,11.521,0.0
76.155,11.566,0.0
76.155,11.611,0.0
76.155,11.656,0.0
76.155,11.701,0.0
76.155,11.745,0.0
76.155,11.79,0.0
76.155,11.835,0.0
76.155,11.88,0.0
76.155,11.925,0.0
76.155,11.97,0.0
76.155,12.015,0.0
76.155,12.06,0.0
76.155,12.105,0.0
76.155,12.15,0.0
76.155,14.306,0.35124275539317046
76.155,18.752,0.7911017086772527
76.155,19.067,0.6062624772082519
76.155,19.516,0.7635806059278661
76.155,19.561,0.7792791552437756
76.155,19.74,0.7114014142812912
76.155,19.785,0.4594781410442655
76.155,19.83,0.004587155963302752
76.155,20.01,0.4270353331012914
76.155,20.1,0.2427771069348264
76.155,20.19,0.4411212777264359
76.155,20.504,0.21759543085079117
76.155,20.729,0.21761783005437502
76.2,10.129,0.004302925989672977
76.2,10.173,0.004302925989672977
76.2,10.218,0.009492715060336271
76.2,10.263,0.004302925989672977
76.2,10.308,0.0
76.2,10.353,0.0
76.2,10.398,0.004302925989672977
76.2,10.443,0.0
76.2,10.488,0.0
76.2,10.578,0.0
76.2,10.623,0.0
76.2,10.667,0.0
76.2,10.712,0.0
76.2,10.757,0.0
76.2,10.802,0.0
76.2,10.847,0.0
76.2,10.892,0.0
76.2,10.937,0.0
76.2,10.982,0.0
76.2,11.027,0.0
76.2,11.072,0.0
76.2,11.117,0.0
76.2,11.162,0.004302925989672977
76.2,11.206,0.0
76.2,11.251,0.0
76.2,11.296,0.0
76.2,11.341,0.0
76.2,11.386,0.0
76.2,11.431,0.0
76.2,11.476,0.0
76.2,11.521,0.0
76.2,11.566,0.0
76.2,11.611,0.0
76.2,11.656,0.0
76.2,11.701,0.0
76.2,11.745,0.0
76.2,11.79,0.0
76.2,11.835,0.0
76.2,11.88,0.02376311693997678
76.2,11.925,0.009025270758122744
76.2,11.97,0.0
76.2,12.06,0.26341023843225
76.2,12.105,0.0
76.2,12.15,0.004587155963302752
76.2,14.126,0.0
76.2,19.246,0.7981846280629691
76.2,19.561,0.86711260443678
76.2,19.606,0.8712704015218051
76.2,19.83,0.4253597460325086
76.2,20.055,0.17546088994626585
76.2,20.145,0.3980192870912337
76.2,20.774,0.355960366407682
76.2,20.998,0.15782878739632472
76.245,8.062,0.49505167245475457
76.245,8.197,0.35244297227190147
76.245,10.129,0.004302925989672977
76.245,10.173,0.004302925989672977
76.245,10.218,0.0
76.245,10.263,0.004302925989672977
76.245,10.308,0.004302925989672977
76.245,10.353,0.0
76.245,10.398,0.004302925989672977
76.245,10.443,0.004302925989672977
76.245,10.488,0.0
76.245,10.533,0.0
76.245,10.578,0.0
76.245,10.623,0.0
76.245,10.667,0.0
76.245,10.712,0.0
76.245,10.757,0.11751100333894655
76.245,10.802,0.0
76.245,10.847,0.0
76.245,10.892,0.0
76.245,10.937,0.0
76.245,10.982,0.08194951507991569
76.245,11.027,0.0
76.245,11.072,0.0
76.245,11.117,0.0
76.245,11.162,0.0
76.245,11.206,0.0
76.245,11.251,0.0
76.245,11.296,0.004302925989672977
76.245,11.341,0.0
76.245,11.386,0.0
76.245,11.431,0.0
76.245,11.476,0.0
76.245,11.521,0.0
76.245,11.566,0.0
76.245,11.611,0.004826254826254826
76.245,11.656,0.0
76.245,11.701,0.0
76.245,11.745,0.0
76.245,11.79,0.0
76.245,11.835,0.0
76.245,11.88,0.0
76.245,11.97,0.10732470134238806
76.245,12.06,0.018914462910138086
76.245,12.15,0.08841023843225
76.245,12.823,0.171166784655973
76.245,18.977,0.7531235213286189
76.245,19.336,0.5818094783175745
76.245,19.875,0.6365620349198492
76.245,20.145,0.7116898551598864
76.245,20.459,0.5674206558728139
76.245,20.774,0.28439234899961546
76.245,20.998,0.07351834030643882
76.289,8.152,0.49407932575375896
76.289,9.724,0.2838230824689472
76.289,9.769,0.0
76.289,9.814,0.009025270758122744
76.289,9.859,0.3125079156709718
76.289,10.039,0.0
76.289,10.084,0.004302925989672977
76.289,10.129,0.004302925989672977
76.289,10.173,0.004302925989672977
76.289,10.218,0.004302925989672977
76.289,10.263,0.004302925989672977
76.289,10.308,0.004302925989672977
76.289,10.353,0.0
76.289,10.398,0.004302925989672977
76.289,10.443,0.0
76.289,10.488,0.0
76.289,10.533,0.0
76.289,10.578,0.0
76.289,10.623,0.0
76.289,10.667,0.0
76.289,10.712,0.0
76.289,10.757,0.08382308246894725
76.289,10.802,0.0
76.289,10.847,0.0
76.289,10.892,0.0
76.289,10.937,0.0
76.289,10.982,0.0
76.289,11.027,0.0
76.289,11.072,0.0
76.289,11.117,0.0
76.289,11.162,0.0
76.289,11.206,0.0
76.289,11.251,0.0
76.289,11.296,0.0
76.289,11.341,0.0
76.289,11.386,0.0
76.289,11.431,0.0
76.289,11.476,0.0
76.289,11.521,0.0
76.289,11.566,0.0
76.289,11.611,0.004826254826254826
76.289,11.656,0.004826254826254826
76.289,11.701,0.0
76.289,11.745,0.0
76.289,11.79,0.0
76.289,11.835,0.0
76.289,11.88,0.0
76.289,12.06,0.08382308246894725
76.289,12.913,0.10273754537908532
76.289,13.362,0.013936862113721957
76.289,19.92,0.4165741970440181
76.289,20.145,0.5057002000481661
76.289,20.414,0.5022285996976303
76.289,20.818,0.4382409589495206
76.289,20.863,0.28403692774183503
76.289,20.908,0.42758301330985665
76.289,20.953,0.08825120813813365
76.334,8.287,0.3669144996690586
76.334,9.455,0.0
76.334,9.545,0.004302925989672977
76.334,9.59,0.09160786232736912
76.334,9.634,0.004302925989672977
76.334,9.679,0.004302925989672977
76.334,9.724,0.004302925989672977
76.334,9.769,0.09160786232736912
76.334,9.814,0.26312600845862016
76.334,9.859,0.004302925989672977
76.334,9.904,0.17623857837356358
76.334,9.994,0.09160786232736912
76.334,10.084,0.004302925989672977
76.334,10.129,0.004302925989672977
76.334,10.173,0.004302925989672977
76.334,10.218,0.0
76.334,10.263,0.0
76.334,10.308,0.004512635379061372
76.334,10.353,0.0
76.334,10.398,0.0
76.334,10.443,0.0
76.334,10.488,0.0
76.334,10.533,0.0
76.334,10.578,0.0
76.334,10.623,0.0
76.334,10.667,0.0
76.334,10.712,0.009492715060336271
76.334,10.757,0.004302925989672977
76.334,10.802,0.0
76.334,10.847,0.0
76.334,10.892,0.0
76.334,10.937,0.07696233924634487
76.334,10.982,0.0
76.334,11.027,0.004302925989672977
76.334,11.072,0.07201324422372042
76.334,11.117,0.0
76.334,11.162,0.0
76.334,11.206,0.0
76.334,11.251,0.0
76.334,11.296,0.0
76.334,11.341,0.0
76.334,11.386,0.0
76.334,11.431,0.0
76.334,11.476,0.0
76.334,11.521,0.004826254826254826
76.334,11.566,0.0
76.334,11.611,0.0
76.334,11.701,0.0
76.334,11.745,0.0
76.334,11.79,0.0
76.334,11.835,0.013936862113721957
76.334,11.88,0.10273754537908532
76.334,12.105,0.0
76.334,12.195,0.33218427364652164
76.334,12.24,0.028350272903279537
76.334,12.779,0.08382308246894725
76.334,12.823,0.0
76.334,12.868,0.0
76.334,12.913,0.009025270758122744
76.334,14.126,0.0
76.334,15.294,0.0
76.334,15.339,0.0
76.334,16.147,0.19407855340670935
76.334,19.516,0.6200942257674761
76.334,19.875,0.8214981476239208
76.334,20.279,0.46164037748945963
76.334,20.684,0.39781967557475517
76.334,20.729,0.6426347314096844
76.334,20.953,0.11153714314032127
76.379,8.062,0.3669144996690586
76.379,8.152,0.3669144996690586
76.379,8.242,0.3669144996690586
76.379,9.41,0.004302925989672977
76.379,9.455,0.004302925989672977
76.379,9.5,0.004302925989672977
76.379,9.679,0.004302925989672977
76.379,9.769,0.004302925989672977
76.379,9.904,0.0
76.379,9.949,0.0
76.379,9.994,0.0
76.379,10.039,0.004302925989672977
76.379,10.084,0.0
76.379,10.129,0.0
76.379,10.173,0.004302925989672977
76.379,10.218,0.0
76.379,10.263,0.0
76.379,10.308,0.0
76.379,10.353,0.08194951507991569
76.379,10.398,0.0
76.379,10.443,0.0
76.379,10.488,0.0
76.379,10.533,0.0
76.379,10.578,0.0
76.379,10.623,0.08194951507991569
76.379,10.667,0.0
76.379,10.712,0.0
76.379,10.757,0.0
76.379,10.802,0.004512635379061372
76.379,10.847,0.0
76.379,10.892,0.0
76.379,10.937,0.0
76.379,10.982,0.0
76.379,11.027,0.0
76.379,11.072,0.0
76.379,11.117,0.0
76.379,11.162,0.0
76.379,11.206,0.0
76.379,11.251,0.0
76.379,11.296,0.0
76.379,11.341,0.0
76.379,11.386,0.0
76.379,11.431,0.0
76.379,11.476,0.0
76.379,11.521,0.0
76.379,11.566,0.0
76.379,11.611,0.0
76.379,11.656,0.0
76.379,11.701,0.0
76.379,11.745,0.0
76.379,11.79,0.0
76.379,11.835,0.004587155963302752
76.379,12.195,0.4640731882603503
76.379,12.554,0.19407855340670935
76.379,12.599,0.2815505018478867
76.379,12.689,0.0
76.379,12.734,0.0
76.379,12.823,0.009025270758122744
76.379,12.868,0.014025270758122743
76.379,12.958,0.014025270758122743
76.379,14.171,0.08382308246894725
76.379,15.339,0.014002871554538871
76.379,19.92,0.5962344409842529
76.424,9.23,0.0
76.424,9.275,0.004302925989672977
76.424,9.32,0.004302925989672977
76.424,9.365,0.004302925989672977
76.424,9.41,0.004302925989672977
76.424,9.455,0.004302925989672977
76.424,9.5,0.09160786232736912
76.424,9.545,0.004302925989672977
76.424,9.59,0.11275810692518422
76.424,9.634,0.0
76.424,9.679,0.004302925989672977
76.424,9.724,0.0
76.424,9.769,0.004302925989672977
76.424,9.814,0.0
76.424,9.859,0.0
76.424,9.904,0.0
76.424,9.949,0.0
76.424,9.994,0.0
76.424,10.039,0.0
76.424,10.084,0.0
76.424,10.129,0.0
76.424,10.173,0.004302925989672977
76.424,10.218,0.0
76.424,10.263,0.0
76.424,10.308,0.0
76.424,10.353,0.0
76.424,10.398,0.0
76.424,10.443,0.0
76.424,10.488,0.0
76.424,10.533,0.0
76.424,10.578,0.0
76.424,10.623,0.0
76.424,10.667,0.0
76.424,10.712,0.0
76.424,10.757,0.0
76.424,10.802,0.0
76.424,10.847,0.0
76.424,10.892,0.0
76.424,10.937,0.0
76.424,10.982,0.0
76.424,11.027,0.0
76.424,11.072,0.0
76.424,11.117,0.0
76.424,11.162,0.0
76.424,11.206,0.0
76.424,11.251,0.0
76.424,11.296,0.0
76.424,11.341,0.0
76.424,11.386,0.0
76.424,11.431,0.0
76.424,11.476,0.08194951507991569
76.424,11.521,0.004826254826254826
76.424,11.566,0.0
76.424,11.611,0.0
76.424,11.656,0.0
76.424,11.701,0.0
76.424,11.745,0.0
76.424,11.79,0.004587155963302752
76.424,12.15,0.0
76.424,12.329,0.5519583866081978
76.424,12.599,0.004302925989672977
76.424,12.644,0.009025270758122744
76.424,12.689,0.0
76.424,12.734,0.126880740326326
76.424,12.868,0.005
76.424,19.516,0.477004322250718
76.424,19.606,0.7368774419927681
76.424,20.549,0.26037474686833045
76.424,20.684,0.7567397192455094
76.424,20.998,0.4469395065169066
76.469,8.017,0.4986664817170617
76.469,8.107,0.3669144996690586
76.469,9.185,0.004302925989672977
76.469,9.23,0.004302925989672977
76.469,9.275,0.004302925989672977
76.469,9.32,0.004302925989672977
76.469,9.365,0.004302925989672977
76.469,9.41,0.004302925989672977
76.469,9.455,0.004302925989672977
76.469,9.5,0.004302925989672977
76.469,9.545,0.09160786232736912
76.469,9.59,0.004302925989672977
76.469,9.634,0.004302925989672977
76.469,9.679,0.004302925989672977
76.469,9.724,0.0
76.469,9.769,0.0
76.469,9.814,0.004302925989672977
76.469,9.859,0.0
76.469,9.904,0.0
76.469,9.949,0.0
76.469,9.994,0.0
76.469,10.039,0.004302925989672977
76.469,10.084,0.0
76.469,10.129,0.0
76.469,10.173,0.004302925989672977
76.469,10.218,0.0
76.469,10.263,0.0
76.469,10.308,0.0
76.469,10.353,0.0
76.469,10.398,0.0
76.469,10.443,0.0
76.469,10.488,0.0
76.469,10.533,0.0
76.469,10.578,0.0
76.469,10.623,0.0
76.469,10.667,0.0
76.469,10.712,0.08194951507991569
76.469,10.757,0.0
76.469,10.802,0.0
76.469,10.847,0.0
76.469,10.892,0.0
76.469,10.937,0.0
76.469,10.982,0.0
76.469,11.027,0.0
76.469,11.072,0.0
76.469,11.117,0.0
76.469,11.162,0.0
76.469,11.206,0.0
76.469,11.251,0.0
76.469,11.296,0.0
76.469,11.341,0.08194951507991569
76.469,11.386,0.0
76.469,11.431,0.0
76.469,11.476,0.0
76.469,11.521,0.0
76.469,11.566,0.0
76.469,11.611,0.0
76.469,11.656,0.0
76.469,11.701,0.0
76.469,11.745,0.0
76.469,11.79,0.0
76.469,11.835,0.12475362680946908
76.469,12.554,0.0
76.469,12.689,0.06781855832395647
76.469,12.734,0.004587155963302752
76.469,12.868,0.02352401807702471
76.469,13.183,0.014025270758122743
76.469,15.294,0.0
76.469,15.429,0.0
76.469,15.473,0.0
76.469,16.372,0.19407855340670935
76.469,16.417,0.6465921324764612
76.469,16.462,0.5584986698985063
76.469,20.19,0.43720356767338875
76.469,20.729,0.7665495166170204
76.469,20.774,0.4379850414014509
76.514,8.107,0.19025624328481164
76.514,9.051,0.004302925989672977
76.514,9.095,0.004302925989672977
76.514,9.14,0.004302925989672977
76.514,9.185,0.004302925989672977
76.514,9.23,0.0
76.514,9.275,0.0
76.514,9.32,0.004302925989672977
76.514,9.365,0.004302925989672977
76.514,9.41,0.004302925989672977
76.514,9.455,0.08730493633769613
76.514,9.5,0.0
76.514,9.545,0.0
76.514,9.634,0.0
76.514,9.679,0.0
76.514,9.724,0.0
76.514,9.769,0.0
76.514,9.814,0.0
76.514,9.859,0.0
76.514,9.904,0.0
76.514,9.949,0.0
76.514,9.994,0.0
76.514,10.039,0.0
76.514,10.084,0.0
76.514,10.129,0.0
76.514,10.173,0.0
76.514,10.218,0.0
76.514,10.263,0.0
76.514,10.308,0.0
76.514,10.353,0.0
76.514,10.398,0.0
76.514,10.443,0.0
76.514,10.488,0.0
76.514,10.533,0.0
76.514,10.578,0.0
76.514,10.623,0.0
76.514,10.667,0.0
76.514,10.712,0.0
76.514,10.757,0.0
76.514,10.802,0.0
76.514,10.847,0.0
76.514,10.892,0.0
76.514,10.937,0.0
76.514,10.982,0.0
76.514,11.027,0.0
76.514,11.072,0.0
76.514,11.117,0.0
76.514,11.162,0.0
76.514,11.206,0.0
76.514,11.251,0.0
76.514,11.296,0.048313836226209925
76.514,11.341,0.0
76.514,11.386,0.08194951507991569
76.514,11.431,0.0
76.514,11.476,0.0
76.514,11.521,0.0
76.514,11.566,0.0
76.514,11.611,0.0
76.514,11.656,0.0
76.514,11.701,0.0
76.514,11.745,0.0
76.514,11.79,0.0
76.514,11.835,0.2838230824689472
76.514,11.88,0.4140561542031254
76.514,12.509,0.1769279497800632
76.514,12.599,0.009025270758122744
76.514,12.644,0.0
76.514,12.689,0.0
76.514,12.868,0.02373881039805676
76.514,15.384,0.004587155963302752
76.514,15.473,0.11537265843776204
76.514,15.518,0.0
76.514,16.237,0.2718504281336797
76.514,16.327,0.20407855340670936
76.514,16.417,0.18926368083283396
76.514,16.462,0.22797508088440416
76.514,16.551,0.10028338641012542
76.514,16.596,0.10028338641012542
76.559,8.017,0.07809141720011127
76.559,8.781,0.6702556097651636
76.559,8.916,0.0
76.559,8.961,0.0
76.559,9.006,0.0
76.559,9.051,0.004302925989672977
76.559,9.095,0.004302925989672977
76.559,9.14,0.004302925989672977
76.559,9.185,0.004302925989672977
76.559,9.23,0.004302925989672977
76.559,9.275,0.004302925989672977
76.559,9.32,0.004302925989672977
76.559,9.365,0.004302925989672977
76.559,9.41,0.0
76.559,9.455,0.0
76.559,9.5,0.0
76.559,9.545,0.0
76.559,9.59,0.0
76.559,9.634,0.0
76.559,9.679,0.0
76.559,9.724,0.0
76.559,9.769,0.0
76.559,9.814,0.0
76.559,9.859,0.0
76.559,9.904,0.0
76.559,9.949,0.0
76.559,9.994,0.0
76.559,10.039,0.0
76.559,10.084,0.0
76.559,10.129,0.0
76.559,10.173,0.004302925989672977
76.559,10.218,0.0
76.559,10.263,0.0
76.559,10.308,0.0
76.559,10.353,0.0
76.559,10.398,0.0
76.559,10.443,0.0
76.559,10.488,0.0
76.559,10.533,0.0
76.559,10.578,0.0
76.559,10.623,0.0
76.559,10.667,0.0
76.559,10.712,0.0
76.559,10.757,0.0
76.559,10.802,0.0
76.559,10.847,0.09160786232736912
76.559,10.892,0.0
76.559,10.937,0.0
76.559,10.982,0.0
76.559,11.027,0.0
76.559,11.072,0.0
76.559,11.117,0.0
76.559,11.162,0.0
76.559,11.206,0.0
76.559,11.251,0.3370476660165961
76.559,11.296,0.0
76.559,11.341,0.009025270758122744
76.559,11.386,0.0
76.559,11.431,0.0
76.559,11.476,0.0
76.559,11.521,0.0
76.559,11.566,0.0
76.559,11.611,0.0
76.559,11.656,0.0
76.559,11.701,0.0
76.559,11.835,0.11025547093776204
76.559,11.88,0.21797508088440418
76.559,12.105,0.15650863353601532
76.559,12.689,0.014025270758122743
76.559,15.429,0.004587155963302752
76.559,15.473,0.0
76.559,15.518,0.11537265843776204
76.559,15.563,0.004587155963302752
76.559,16.372,0.11025547093776204
76.559,16.462,0.4823923896329192
76.559,16.596,0.10028338641012542
76.559,16.641,0.1791192930455019
76.559,16.776,0.15200560429062462
76.559,19.201,0.7176033650377193
76.559,19.381,0.8883511240467317
76.559,19.471,0.6888924059038143
76.559,20.145,0.5312856864135894
76.559,20.235,0.44738524375742406
76.604,8.017,0.34143252729621665
76.604,8.062,0.42525560976516397
76.604,8.826,0.6552556097651637
76.604,8.871,0.023894542591412982
76.604,9.006,0.0
76.604,9.051,0.0
76.604,9.095,0.0
76.604,9.14,0.0
76.604,9.185,0.0
76.604,9.23,0.0
76.604,9.275,0.0
76.604,9.32,0.0
76.604,9.365,0.004302925989672977
76.604,9.41,0.0
76.604,9.455,0.0
76.604,9.5,0.0
76.604,9.545,0.0
76.604,9.59,0.0
76.604,9.634,0.0
76.604,9.679,0.0
76.604,9.724,0.0
76.604,9.769,0.0
76.604,9.814,0.0
76.604,9.859,0.0
76.604,9.904,0.0
76.604,9.949,0.0
76.604,9.994,0.0
76.604,10.039,0.0
76.604,10.084,0.0
76.604,10.129,0.0
76.604,10.173,0.0
76.604,10.218,0.0
76.604,10.263,0.0
76.604,10.308,0.0
76.604,10.353,0.0
76.604,10.398,0.0
76.604,10.443,0.0
76.604,10.488,0.0
76.604,10.533,0.0
76.604,10.578,0.0
76.604,10.623,0.0
76.604,10.667,0.004302925989672977
76.604,10.712,0.0
76.604,10.757,0.004302925989672977
76.604,10.802,0.0
76.604,10.847,0.0
76.604,10.892,0.0
76.604,10.937,0.0
76.604,10.982,0.0
76.604,11.027,0.0
76.604,11.072,0.0
76.604,11.117,0.0
76.604,11.162,0.0
76.604,11.206,0.38077259754886283
76.604,11.251,0.0
76.604,11.296,0.0
76.604,11.341,0.0
76.604,11.386,0.0
76.604,11.476,0.0
76.604,11.521,0.0
76.604,11.566,0.08382308246894725
76.604,11.611,0.10274002426394409
76.604,11.656,0.08382308246894725
76.604,11.701,0.0
76.604,12.554,0.04762575385284701
76.604,15.429,0.028694603438083943
76.604,15.473,0.0
76.604,15.518,0.0
76.604,15.563,0.004587155963302752
76.604,15.608,0.004587155963302752
76.604,15.698,0.36430971661191214
76.604,15.743,0.29858923319649966
76.604,15.788,0.11025547093776204
76.604,15.833,0.19407855340670935
76.604,16.372,0.4040785534067093
76.604,16.507,0.19407855340670935
76.604,16.596,0.1791192930455019
76.604,19.426,0.751764697154294
76.604,19.516,0.6875395688872799
76.604,20.235,0.42723107814298666
76.604,20.324,0.5305759551741416
76.649,8.871,0.004512635379061372
76.649,8.916,0.0
76.649,8.961,0.0
76.649,9.006,0.0
76.649,9.051,0.0
76.649,9.095,0.0
76.649,9.14,0.0
76.649,9.185,0.0
76.649,9.23,0.0
76.649,9.275,0.0
76.649,9.32,0.0
76.649,9.365,0.0
76.649,9.41,0.0
76.649,9.455,0.0
76.649,9.5,0.0
76.649,9.545,0.0
76.649,9.59,0.0
76.649,9.634,0.0
76.649,9.679,0.0
76.649,9.724,0.0
76.649,9.769,0.0
76.649,9.814,0.0
76.649,9.859,0.0
76.649,9.904,0.0
76.649,9.949,0.0
76.649,9.994,0.0
76.649,10.039,0.0
76.649,10.084,0.0
76.649,10.129,0.0
76.649,10.173,0.0
76.649,10.218,0.0
76.649,10.263,0.0
76.649,10.308,0.0
76.649,10.353,0.0
76.649,10.398,0.0
76.649,10.443,0.0
76.649,10.488,0.0
76.649,10.533,0.0
76.649,10.578,0.10758697407614408
76.649,10.623,0.0
76.649,10.667,0.0
76.649,10.712,0.1761280188066434
76.649,10.757,0.0
76.649,10.802,0.004512635379061372
76.649,10.892,0.0
76.649,10.937,0.0
76.649,10.982,0.0
76.649,11.027,0.0
76.649,11.072,0.0
76.649,11.162,0.09284835322706998
76.649,11.206,0.38077259754886283
76.649,11.251,0.0
76.649,11.296,0.0
76.649,11.341,0.0
76.649,11.386,0.0
76.649,11.431,0.08382308246894725
76.649,11.476,0.0
76.649,11.521,0.0
76.649,11.566,0.09284835322706998
76.649,11.611,0.10273754537908532
76.649,11.656,0.29734710054597197
76.649,12.419,0.0
76.649,12.464,0.0
76.649,12.554,0.05822200916815096
76.649,13.183,0.0
76.649,13.452,0.6641170450500166
76.649,15.294,0.4699039423963869
76.649,15.339,0.11025547093776204
76.649,15.384,0.11537265843776204
76.649,15.429,0.0
76.649,15.473,0.0
76.649,15.518,0.004587155963302752
76.649,15.563,0.11525547093776205
76.649,15.608,0.32119955932978195
76.649,15.653,0.004587155963302752
76.649,15.698,0.004587155963302752
76.649,15.743,0.17095678935145067
76.649,15.788,0.004587155963302752
76.649,15.833,0.11025547093776204
76.649,15.878,0.18425722692653718
76.649,16.462,0.11025547093776204
76.649,16.596,0.417997480087988
76.649,16.641,0.18909648883915253
76.649,19.246,0.6382864262045513
76.649,19.291,0.8528881115150796
76.649,19.336,0.8629243792156355
76.649,19.516,0.7020680513945224
76.649,19.606,0.7335917185590514
76.694,8.781,0.004512635379061372
76.694,8.826,0.0
76.694,8.871,0.004302925989672977
76.694,8.916,0.0
76.694,8.961,0.0
76.694,9.006,0.0
76.694,9.051,0.0
76.694,9.095,0.0
76.694,9.14,0.0
76.694,9.185,0.0
76.694,9.23,0.0
76.694,9.275,0.0
76.694,9.32,0.0
76.694,9.365,0.0
76.694,9.41,0.0
76.694,9.455,0.0
76.694,9.5,0.0
76.694,9.545,0.0
76.694,9.59,0.0
76.694,9.634,0.0
76.694,9.679,0.0
76.694,9.724,0.0
76.694,9.769,0.0
76.694,9.814,0.0
76.694,9.859,0.0
76.694,9.904,0.004302925989672977
76.694,9.949,0.0
76.694,9.994,0.0
76.694,10.039,0.0
76.694,10.084,0.0
76.694,10.129,0.0
76.694,10.173,0.0
76.694,10.218,0.0
76.694,10.263,0.0
76.694,10.308,0.0
76.694,10.353,0.0
76.694,10.398,0.0
76.694,10.443,0.0
76.694,10.488,0.0
76.694,10.533,0.0
76.694,10.578,0.0
76.694,10.623,0.0
76.694,10.667,0.0
76.694,10.712,0.0
76.694,10.757,0.0
76.694,10.802,0.0
76.694,10.892,0.0
76.694,10.937,0.0
76.694,10.982,0.0
76.694,11.027,0.08194951507991569
76.694,11.072,0.0
76.694,11.117,0.0
76.694,11.162,0.0
76.694,11.206,0.0
76.694,11.251,0.0
76.694,11.296,0.0
76.694,11.341,0.0
76.694,11.386,0.0
76.694,11.431,0.0
76.694,11.476,0.0
76.694,11.521,0.06261700197894488
76.694,11.566,0.5594988251342958
76.694,11.611,0.5213350048057435
76.694,12.195,0.27244676325732237
76.694,12.464,0.0
76.694,12.599,0.009025270758122744
76.694,13.228,0.07443501781077366
76.694,13.273,0.0
76.694,13.407,0.42291278735109517
76.694,15.339,0.18392472842175248
76.694,15.384,0.19459617933761866
76.694,15.429,0.0
76.694,15.473,0.0
76.694,15.563,0.1992572269265372
76.694,15.608,0.0
76.694,15.653,0.0
76.694,15.698,0.004587155963302752
76.694,15.743,0.14426918591545693
76.694,15.788,0.0
76.694,15.833,0.18425722692653718
76.694,15.878,0.11537265843776204
76.694,16.462,0.11025547093776204
76.694,16.507,0.3235210691020901
76.694,16.596,0.004587155963302752
76.694,19.516,0.6237394728551897
76.694,20.639,0.5713049119720922
76.739,8.601,0.7074067397027788
76.739,8.736,0.004302925989672977
76.739,8.781,0.0
76.739,8.826,0.004302925989672977
76.739,8.871,0.0
76.739,8.916,0.0
76.739,8.961,0.0
76.739,9.006,0.0
76.739,9.051,0.0
76.739,9.095,0.0
76.739,9.14,0.0
76.739,9.185,0.0
76.739,9.23,0.0
76.739,9.275,0.0
76.739,9.32,0.0
76.739,9.365,0.0
76.739,9.41,0.0
76.739,9.455,0.0
76.739,9.5,0.0
76.739,9.545,0.0
76.739,9.59,0.0
76.739,9.634,0.0
76.739,9.679,0.0
76.739,9.724,0.0
76.739,9.769,0.0
76.739,9.814,0.0
76.739,9.859,0.0
76.739,9.904,0.0
76.739,9.949,0.0
76.739,9.994,0.0
76.739,10.039,0.0
76.739,10.084,0.0
76.739,10.129,0.0
76.739,10.173,0.0
76.739,10.218,0.0
76.739,10.263,0.0
76.739,10.308,0.0
76.739,10.353,0.0
76.739,10.398,0.0
76.739,10.443,0.0
76.739,10.488,0.0
76.739,10.533,0.0
76.739,10.578,0.0
76.739,10.623,0.0
76.739,10.667,0.0
76.739,10.712,0.0
76.739,10.757,0.0
76.739,10.847,0.0
76.739,10.892,0.0
76.739,10.937,0.08382308246894725
76.739,10.982,0.08382308246894725
76.739,11.027,0.0
76.739,11.072,0.0
76.739,11.117,0.0
76.739,11.206,0.0
76.739,11.251,0.0
76.739,11.296,0.0
76.739,11.341,0.0
76.739,11.386,0.0
76.739,11.431,0.0
76.739,11.476,0.0
76.739,11.521,0.0
76.739,11.566,0.32662375572747054
76.739,11.611,0.5845868994696078
76.739,11.656,0.6875279875332506
76.739,12.06,0.45242358982479225
76.739,12.195,0.24191908264431367
76.739,12.24,0.18763761521791428
76.739,12.464,0.009520555075290912
76.739,12.554,0.009025270758122744
76.739,12.644,0.5564333385667185
76.739,13.183,0.028717002641667815
76.739,13.228,0.028650401753655973
76.739,13.452,0.08382308246894725
76.739,15.339,0.11537265843776204
76.739,15.384,0.0
76.739,15.473,0.004587155963302752
76.739,15.518,0.009520555075290912
76.739,15.653,0.0
76.739,15.698,0.004587155963302752
76.739,15.833,0.0
76.739,15.878,0.11525547093776205
76.739,15.968,0.11025547093776204
76.739,16.012,0.12035983427133287
76.739,16.417,0.0
76.739,16.596,0.19407855340670935
76.739,16.641,0.21797508088440418
76.739,19.516,0.7982068274718729
76.739,19.696,0.2328037355529827
76.739,20.459,0.43701862350831805
76.739,20.908,0.5462065524072778
76.783,8.646,0.0
76.783,8.691,0.0
76.783,8.736,0.0
76.783,8.781,0.0
76.783,8.826,0.0
76.783,8.871,0.0
76.783,8.916,0.0
76.783,8.961,0.0
76.783,9.006,0.0
76.783,9.051,0.0
76.783,9.095,0.0
76.783,9.14,0.0
76.783,9.185,0.0
76.783,9.23,0.0
76.783,9.275,0.0
76.783,9.32,0.0
76.783,9.365,0.0
76.783,9.41,0.0
76.783,9.455,0.0
76.783,9.5,0.0
76.783,9.545,0.0
76.783,9.59,0.004302925989672977
76.783,9.634,0.0
76.783,9.679,0.0
76.783,9.724,0.0
76.783,9.769,0.0
76.783,9.814,0.0
76.783,9.859,0.0
76.783,9.904,0.0
76.783,9.949,0.0
76.783,9.994,0.0
76.783,10.039,0.0
76.783,10.084,0.0
76.783,10.129,0.0
76.783,10.173,0.0
76.783,10.218,0.0
76.783,10.263,0.0
76.783,10.308,0.0
76.783,10.353,0.0
76.783,10.443,0.0
76.783,10.488,0.0
76.783,10.533,0.0
76.783,10.578,0.0
76.783,10.623,0.0
76.783,10.667,0.0
76.783,10.712,0.0
76.783,10.757,0.0
76.783,10.802,0.08833571784800862
76.783,10.847,0.0
76.783,10.892,0.0
76.783,10.937,0.0
76.783,10.982,0.22403375499954156
76.783,11.027,0.0
76.783,11.072,0.08194951507991569
76.783,11.117,0.0
76.783,11.162,0.0
76.783,11.206,0.0
76.783,11.251,0.0
76.783,11.296,0.0
76.783,11.341,0.0
76.783,11.386,0.0
76.783,11.431,0.0
76.783,11.476,0.0
76.783,11.521,0.0
76.783,11.566,0.6083818058260121
76.783,11.611,0.5987042007387512
76.783,11.656,0.5921903049453846
76.783,12.105,0.08382308246894725
76.783,12.195,0.15790267902194047
76.783,12.734,0.4582775471294253
76.783,12.779,0.21799748008798805
76.783,13.273,0.009520555075290912
76.783,15.384,0.0
76.783,15.473,0.004587155963302752
76.783,15.608,0.11025547093776204
76.783,15.698,0.004587155963302752
76.783,15.833,0.004587155963302752
76.783,15.878,0.0
76.783,15.968,0.2938619664972741
76.783,16.012,0.17095678935145067
76.783,16.057,0.2886387355193637
76.783,16.327,0.00493339911198816
76.783,16.372,0.09784835322706999
76.783,16.731,0.5111925555286
76.783,16.821,0.4365741970440182
76.783,19.696,0.4234803643970957
76.783,19.92,0.6876815748957118
76.783,20.863,0.7080958566518997
76.783,20.953,0.5215825585381754
76.783,20.998,0.13860553335704226
76.828,8.601,0.004512635379061372
76.828,8.646,0.0
76.828,8.691,0.0
76.828,8.736,0.0
76.828,8.781,0.0
76.828,8.826,0.0
76.828,8.871,0.0
76.828,8.916,0.0
76.828,8.961,0.0
76.828,9.006,0.0
76.828,9.051,0.0
76.828,9.095,0.0
76.828,9.14,0.0
76.828,9.185,0.0
76.828,9.23,0.0
76.828,9.275,0.0
76.828,9.32,0.0
76.828,9.365,0.0
76.828,9.41,0.0
76.828,9.455,0.0
76.828,9.5,0.0
76.828,9.545,0.0
76.828,9.59,0.0
76.828,9.634,0.0
76.828,9.679,0.0
76.828,9.724,0.0
76.828,9.769,0.0
76.828,9.814,0.0
76.828,9.859,0.0
76.828,9.904,0.0
76.828,9.949,0.0
76.828,9.994,0.0
76.828,10.039,0.0
76.828,10.084,0.0
76.828,10.129,0.0
76.828,10.173,0.0
76.828,10.218,0.0
76.828,10.263,0.0
76.828,10.308,0.0
76.828,10.353,0.0
76.828,10.398,0.009025270758122744
76.828,10.443,0.0
76.828,10.488,0.0
76.828,10.533,0.08382308246894725
76.828,10.578,0.0
76.828,10.623,0.0
76.828,10.667,0.0
76.828,10.712,0.0
76.828,10.757,0.0
76.828,10.802,0.08833571784800862
76.828,10.847,0.08833571784800862
76.828,10.892,0.08382308246894725
76.828,10.982,0.018851525584377568
76.828,11.027,0.00493339911198816
76.828,11.072,0.0
76.828,11.117,0.0
76.828,11.162,0.09194951507991568
76.828,11.206,0.0
76.828,11.251,0.0
76.828,11.296,0.0
76.828,11.341,0.0
76.828,11.386,0.0
76.828,11.431,0.0
76.828,11.476,0.0
76.828,11.521,0.0
76.828,11.656,0.617973735419774
76.828,12.24,0.11754387988661506
76.828,12.284,0.10273754537908532
76.828,12.419,0.21797508088440418
76.828,12.554,0.0
76.828,12.599,0.0
76.828,12.823,0.26193883677808055
76.828,13.183,0.37630249125733145
76.828,13.228,0.05822200916815096
76.828,13.273,0.06829590079376673
76.828,13.318,0.0
76.828,13.362,0.0
76.828,13.407,0.13203824098232209
76.828,15.384,0.004587155963302752
76.828,15.518,0.004587155963302752
76.828,15.563,0.0
76.828,15.833,0.11525547093776205
76.828,15.878,0.2401550983326786
76.828,16.012,0.11537265843776204
76.828,16.057,0.2897803103819728
76.828,16.237,0.7522242822209045
76.828,16.282,0.27914136471544754
76.828,16.596,0.10028338641012542
76.828,19.696,0.08864933729520207
76.828,20.1,0.7496364297938422
76.828,20.908,0.43257692436361245
76.873,8.152,0.8482258497445625
76.873,8.556,0.009446034491049532
76.873,8.601,0.0
76.873,8.646,0.0
76.873,8.691,0.0
76.873,8.736,0.0
76.873,8.781,0.0
76.873,8.826,0.0
76.873,8.871,0.0
76.873,8.916,0.0
76.873,8.961,0.0
76.873,9.006,0.0
76.873,9.051,0.0
76.873,9.095,0.0
76.873,9.14,0.0
76.873,9.185,0.0
76.873,9.23,0.0
76.873,9.275,0.0
76.873,9.32,0.0
76.873,9.365,0.0
76.873,9.41,0.0
76.873,9.455,0.0
76.873,9.5,0.0
76.873,9.545,0.0
76.873,9.59,0.0
76.873,9.634,0.0
76.873,9.679,0.0
76.873,9.724,0.0
76.873,9.769,0.0
76.873,9.814,0.0
76.873,9.859,0.0
76.873,9.904,0.0
76.873,9.949,0.0
76.873,9.994,0.0
76.873,10.039,0.0
76.873,10.084,0.0
76.873,10.129,0.0
76.873,10.173,0.0
76.873,10.218,0.0
76.873,10.263,0.0
76.873,10.308,0.0
76.873,10.353,0.0
76.873,10.398,0.0
76.873,10.443,0.0
76.873,10.488,0.0
76.873,10.533,0.0
76.873,10.623,0.0
76.873,10.667,0.0
76.873,10.712,0.0
76.873,10.757,0.0
76.873,10.802,0.0
76.873,10.847,0.09811585837595446
76.873,10.982,0.004826254826254826
76.873,11.117,0.08194951507991569
76.873,11.162,0.00493339911198816
76.873,11.206,0.08382308246894725
76.873,11.251,0.0
76.873,11.296,0.0
76.873,11.341,0.0
76.873,11.386,0.0
76.873,11.431,0.0
76.873,11.476,0.0
76.873,11.521,0.0
76.873,11.701,0.5134443786077147
76.873,11.925,0.676824835702245
76.873,12.284,0.7952682420056231
76.873,12.329,0.009025270758122744
76.873,12.374,0.2379526816808203
76.873,12.464,0.0
76.873,12.554,0.014025270758122743
76.873,12.599,0.0
76.873,12.644,0.023914462910138087
76.873,12.689,0.19612551383894897
76.873,13.273,0.0
76.873,13.318,0.0
76.873,13.362,0.2038824090293803
76.873,13.407,0.08841023843225
76.873,15.384,0.6323194867873875
76.873,15.429,0.3159668445372513
76.873,15.608,0.0
76.873,15.653,0.0
76.873,15.698,0.0
76.873,16.012,0.1759567893514507
76.873,16.057,0.004587155963302752
76.873,16.282,0.004587155963302752
76.873,16.596,0.18423648054550185
76.873,16.641,0.2670560242780805
76.873,16.731,0.14426918591545693
76.873,16.776,0.1027885304211557
76.873,19.516,0.7008109598779048
76.873,19.651,0.3661282200106817
76.873,19.785,0.6682895446254905
76.873,20.863,0.36369335743014075
76.918,8.512,0.0
76.918,8.556,0.0
76.918,8.601,0.0
76.918,8.646,0.0
76.918,8.691,0.0
76.918,8.736,0.0
76.918,8.781,0.0
76.918,8.826,0.0
76.918,8.871,0.0
76.918,8.916,0.0
76.918,8.961,0.0
76.918,9.006,0.0
76.918,9.051,0.0
76.918,9.095,0.0
76.918,9.14,0.0
76.918,9.185,0.0
76.918,9.23,0.0
76.918,9.275,0.0
76.918,9.32,0.0
76.918,9.365,0.0
76.918,9.41,0.0
76.918,9.455,0.0
76.918,9.5,0.0
76.918,9.545,0.0
76.918,9.59,0.0
76.918,9.634,0.0
76.918,9.679,0.0
76.918,9.724,0.0
76.918,9.769,0.0
76.918,9.814,0.0
76.918,9.859,0.0
76.918,9.904,0.0
76.918,9.949,0.0
76.918,9.994,0.0
76.918,10.039,0.0
76.918,10.084,0.0
76.918,10.129,0.0
76.918,10.173,0.0
76.918,10.218,0.0
76.918,10.263,0.0
76.918,10.308,0.0
76.918,10.353,0.0
76.918,10.398,0.0
76.918,10.443,0.0
76.918,10.488,0.0
76.918,10.533,0.0
76.918,10.578,0.0
76.918,10.623,0.0
76.918,10.667,0.0
76.918,10.712,0.0
76.918,10.757,0.0
76.918,10.802,0.024315306324339776
76.918,10.847,0.10763641345124536
76.918,10.982,0.004826254826254826
76.918,11.206,0.08382308246894725
76.918,11.296,0.09222791078576034
76.918,11.341,0.0
76.918,11.386,0.0
76.918,11.431,0.0
76.918,11.476,0.0
76.918,11.521,0.0
76.918,11.566,0.0
76.918,12.419,0.0
76.918,12.464,0.0
76.918,12.509,0.10292974287467023
76.918,12.554,0.0
76.918,12.599,0.0
76.918,12.644,0.014025270758122743
76.918,12.689,0.0
76.918,12.734,0.5805821106081944
76.918,12.779,0.1957418379499905
76.918,13.407,0.0
76.918,15.204,0.25477987182039796
76.918,15.384,0.3578600102107823
76.918,15.429,0.004587155963302752
76.918,15.473,0.8522035026734862
76.918,15.653,0.1760739768514507
76.918,15.698,0.10273754537908532
76.918,15.743,0.11537265843776204
76.918,15.968,0.17658615998082133
76.918,16.012,0.40347282354108155
76.918,16.057,0.11525547093776205
76.918,16.102,0.1813900156034923
76.918,16.192,0.6129592011320669
76.918,16.372,0.29734710054597197
76.918,16.462,0.19146876799911738
76.918,16.776,0.51737978962708
76.918,19.291,0.3112561873244564
76.918,19.381,0.26280667616041237
76.963,8.422,0.0
76.963,8.467,0.004512635379061372
76.963,8.556,0.0
76.963,8.601,0.0
76.963,8.646,0.0
76.963,8.691,0.0
76.963,8.736,0.0
76.963,8.781,0.0
76.963,8.826,0.0
76.963,8.871,0.0
76.963,8.916,0.0
76.963,8.961,0.0
76.963,9.006,0.0
76.963,9.051,0.0
76.963,9.095,0.0
76.963,9.14,0.0
76.963,9.185,0.0
76.963,9.23,0.0
76.963,9.275,0.0
76.963,9.32,0.0
76.963,9.365,0.0
76.963,9.41,0.0
76.963,9.455,0.0
76.963,9.5,0.0
76.963,9.545,0.0
76.963,9.59,0.0
76.963,9.634,0.0
76.963,9.679,0.0
76.963,9.724,0.009025270758122744
76.963,9.769,0.004826254826254826
76.963,9.814,0.0
76.963,9.859,0.0
76.963,9.904,0.0
76.963,9.949,0.0
76.963,9.994,0.0
76.963,10.039,0.0
76.963,10.084,0.0
76.963,10.129,0.0
76.963,10.173,0.0
76.963,10.218,0.0
76.963,10.263,0.0
76.963,10.308,0.0
76.963,10.353,0.0
76.963,10.398,0.0
76.963,10.443,0.0
76.963,10.488,0.0
76.963,10.533,0.0
76.963,10.578,0.0
76.963,10.623,0.08382308246894725
76.963,10.667,0.0
76.963,10.712,0.0
76.963,10.757,0.0
76.963,10.802,0.03361437115488368
76.963,11.296,0.19034068145008423
76.963,11.341,0.08382308246894725
76.963,11.386,0.0
76.963,11.431,0.0
76.963,11.476,0.0
76.963,11.521,0.0
76.963,11.566,0.42127380177386725
76.963,11.611,0.21797508088440418
76.963,11.656,0.08841023843225
76.963,11.88,0.49163891049228753
76.963,12.374,0.10773754537908532
76.963,12.419,0.0
76.963,12.464,0.0
76.963,12.554,0.0
76.963,12.599,0.0
76.963,12.644,0.2350271525826578
76.963,12.689,0.15024662918073894
76.963,12.734,0.21797508088440418
76.963,13.183,0.22227617730182847
76.963,13.318,0.1706581064225107
76.963,13.362,0.009413410789557578
76.963,13.407,0.08382308246894725
76.963,13.452,0.023914462910138087
76.963,14.89,0.479583727443069
76.963,15.069,0.4580602403995305
76.963,15.249,0.19407855340670935
76.963,15.339,0.004587155963302752
76.963,15.384,0.11524264677133286
76.963,15.429,0.11967558442743503
76.963,15.518,0.40277600430966976
76.963,15.608,0.19907855340670935
76.963,15.653,0.2590827978100709
76.963,16.057,0.11537265843776204
76.963,16.102,0.17095678935145067
76.963,18.932,0.7045429782530683
76.963,19.246,0.500603711926617
76.963,19.471,0.34314077168052853
76.963,20.235,0.6896173125842665
77.008,8.377,0.0
77.008,8.422,0.0
77.008,8.467,0.0
77.008,8.512,0.0
77.008,8.556,0.0
77.008,8.601,0.0
77.008,8.646,0.0
77.008,8.691,0.0
77.008,8.736,0.0
77.008,8.781,0.0
77.008,8.826,0.0
77.008,8.871,0.0
77.008,8.916,0.0
77.008,8.961,0.0
77.008,9.006,0.0
77.008,9.051,0.0
77.008,9.095,0.0
77.008,9.14,0.0
77.008,9.185,0.0
77.008,9.23,0.0
77.008,9.275,0.0
77.008,9.32,0.0
77.008,9.365,0.0
77.008,9.41,0.0
77.008,9.455,0.0
77.008,9.5,0.0
77.008,9.545,0.0
77.008,9.59,0.0
77.008,9.634,0.0
77.008,9.679,0.0
77.008,9.724,0.0
77.008,9.769,0.0
77.008,9.814,0.0
77.008,9.859,0.0
77.008,9.904,0.0
77.008,9.949,0.0
77.008,9.994,0.0
77.008,10.039,0.0
77.008,10.084,0.0
77.008,10.129,0.0
77.008,10.173,0.0
77.008,10.218,0.0
77.008,10.263,0.0
77.008,10.308,0.0
77.008,10.353,0.0
77.008,10.398,0.0
77.008,10.443,0.0
77.008,10.488,0.0
77.008,10.533,0.0
77.008,10.578,0.005
77.008,10.623,0.0
77.008,10.712,0.0
77.008,10.757,0.029101735775822302
77.008,10.982,0.004826254826254826
77.008,11.341,0.004826254826254826
77.008,11.386,0.08382308246894725
77.008,11.431,0.08194951507991569
77.008,11.476,0.0
77.008,11.521,0.0
77.008,11.566,0.10732470134238806
77.008,11.611,0.08841023843225
77.008,11.656,0.08194951507991569
77.008,11.701,0.014041418689405984
77.008,11.745,0.08882308246894725
77.008,11.835,0.018974817801394147
77.008,11.88,0.0
77.008,12.015,0.08382308246894725
77.008,12.374,0.21587197118736945
77.008,12.419,0.0969187554810433
77.008,12.464,0.0
77.008,12.509,0.0
77.008,12.554,0.0
77.008,12.599,0.038215415178345834
77.008,12.644,0.009025270758122744
77.008,12.734,0.004587155963302752
77.008,13.048,0.2538230824689472
77.008,13.183,0.11715095616864289
77.008,13.318,0.08382308246894725
77.008,13.362,0.004826254826254826
77.008,13.407,0.005
77.008,15.069,0.15710208313409
77.008,15.294,0.43258138813475305
77.008,15.339,0.36763185455055364
77.008,15.518,0.1665861599808213
77.008,15.833,0.26341023843225
77.008,16.147,0.19967812302002824
77.008,16.192,0.6186033713339818
77.008,16.282,0.5978376110071985
77.008,16.327,0.19407855340670935
77.008,16.417,0.03369460343808394
77.008,19.291,0.4458985374513547
77.008,19.381,0.31187903317067045
77.008,19.426,0.30630078593694404
77.008,20.459,0.3826525175221534
77.053,8.332,0.014401827531076715
77.053,8.377,0.0
77.053,8.422,0.0
77.053,8.467,0.0
77.053,8.512,0.0
77.053,8.556,0.0
77.053,8.601,0.0
77.053,8.646,0.0
77.053,8.691,0.0
77.053,8.736,0.0
77.053,8.781,0.0
77.053,8.826,0.0
77.053,8.871,0.04332666039263911
77.053,8.916,0.004302925989672977
77.053,8.961,0.0
77.053,9.006,0.0
77.053,9.051,0.0
77.053,9.095,0.0
77.053,9.14,0.0
77.053,9.185,0.0
77.053,9.23,0.0
77.053,9.275,0.0
77.053,9.32,0.0
77.053,9.365,0.0
77.053,9.41,0.0
77.053,9.455,0.0
77.053,9.5,0.0
77.053,9.545,0.0
77.053,9.59,0.0
77.053,9.634,0.0
77.053,9.679,0.0
77.053,9.724,0.0
77.053,9.814,0.0
77.053,9.859,0.0
77.053,9.904,0.0
77.053,9.949,0.0
77.053,9.994,0.0
77.053,10.039,0.0
77.053,10.084,0.0
77.053,10.129,0.0
77.053,10.173,0.0
77.053,10.218,0.0
77.053,10.263,0.0
77.053,10.308,0.0
77.053,10.353,0.0
77.053,10.398,0.0
77.053,10.443,0.0
77.053,10.488,0.0
77.053,10.533,0.0
77.053,10.578,0.0
77.053,10.623,0.0
77.053,10.712,0.0
77.053,10.757,0.0
77.053,10.802,0.08382308246894725
77.053,11.386,0.2731299342396782
77.053,11.431,0.570437386252775
77.053,11.476,0.0
77.053,11.566,0.10273754537908532
77.053,11.611,0.0
77.053,11.656,0.0
77.053,11.701,0.0
77.053,11.745,0.08382308246894725
77.053,11.79,0.2531300960725661
77.053,11.835,0.3087522905491371
77.053,11.88,0.11713585388407399
77.053,12.06,0.0
77.053,12.419,0.0
77.053,12.464,0.0
77.053,12.509,0.0
77.053,12.554,0.014025270758122743
77.053,12.689,0.09784835322706999
77.053,12.958,0.41493597713233277
77.053,13.048,0.710280444663706
77.053,13.228,0.10267460805332482
77.053,13.318,0.22297508088440415
77.053,13.362,0.32184884244862344
77.053,14.8,0.4686597908210823
77.053,15.204,0.004587155963302752
77.053,15.249,0.004302925989672977
77.053,15.384,0.27616579203055597
77.053,15.563,0.32105136384725375
77.053,15.608,0.44113854822711956
77.053,15.698,0.5629392470820662
77.053,16.057,0.09284835322706998
77.053,16.102,0.4032030762323888
77.053,16.282,0.19407855340670935
77.053,16.372,0.19153835787564621
77.053,16.911,0.743321511334241
77.053,19.336,0.6158404669062214
77.053,19.426,0.7655515859460031
77.098,8.332,0.0
77.098,8.377,0.0
77.098,8.422,0.0
77.098,8.467,0.0
77.098,8.512,0.0
77.098,8.556,0.0
77.098,8.601,0.0
77.098,8.646,0.0
77.098,8.691,0.0
77.098,8.736,0.13611753042764346
77.098,8.781,0.0
77.098,8.826,0.0
77.098,8.871,0.0
77.098,8.916,0.0
77.098,8.961,0.0
77.098,9.006,0.0
77.098,9.051,0.0
77.098,9.095,0.0
77.098,9.14,0.0
77.098,9.185,0.0
77.098,9.23,0.0
77.098,9.275,0.0
77.098,9.32,0.0
77.098,9.365,0.0
77.098,9.41,0.0
77.098,9.455,0.0
77.098,9.5,0.0
77.098,9.545,0.0
77.098,9.59,0.0
77.098,9.634,0.0
77.098,9.679,0.0
77.098,9.724,0.0
77.098,9.769,0.0
77.098,9.814,0.0
77.098,9.859,0.0
77.098,9.904,0.0
77.098,9.949,0.0
77.098,9.994,0.0
77.098,10.039,0.0
77.098,10.084,0.0
77.098,10.129,0.0
77.098,10.173,0.0
77.098,10.218,0.0
77.098,10.263,0.0
77.098,10.308,0.0
77.098,10.353,0.0
77.098,10.398,0.0
77.098,10.443,0.0
77.098,10.488,0.0
77.098,10.533,0.08382308246894725
77.098,10.578,0.0
77.098,10.623,0.0
77.098,10.667,0.0
77.098,10.712,0.005
77.098,10.757,0.0
77.098,10.802,0.0
77.098,11.566,0.0
77.098,11.611,0.0
77.098,11.656,0.08194951507991569
77.098,11.701,0.0
77.098,11.745,0.08194951507991569
77.098,11.79,0.0
77.098,11.835,0.022953528639922595
77.098,11.88,0.0
77.098,11.925,0.0
77.098,12.015,0.0
77.098,12.374,0.023914462910138087
77.098,12.419,0.0
77.098,12.464,0.08693669091348649
77.098,12.554,0.08382308246894725
77.098,12.689,0.5068989712411827
77.098,12.779,0.15243550919037274
77.098,12.823,0.3732459978434852
77.098,15.294,0.10540057391012542
77.098,15.384,0.7451247393857099
77.098,15.653,0.15122879675620646
77.098,15.698,0.567042641918492
77.098,15.743,0.18655717664351815
77.098,16.282,0.35569286125879757
77.098,16.507,0.6230642380811751
77.098,19.606,0.9122432947765947
77.143,8.287,0.0
77.143,8.332,0.0
77.143,8.377,0.0
77.143,8.422,0.0
77.143,8.467,0.0
77.143,8.512,0.0
77.143,8.556,0.0
77.143,8.601,0.0
77.143,8.646,0.0
77.143,8.691,0.0
77.143,8.736,0.0
77.143,8.781,0.0
77.143,8.826,0.0
77.143,8.871,0.0
77.143,8.961,0.0
77.143,9.006,0.0
77.143,9.051,0.0
77.143,9.095,0.0
77.143,9.14,0.0
77.143,9.185,0.0
77.143,9.23,0.0
77.143,9.275,0.0
77.143,9.32,0.0
77.143,9.365,0.0
77.143,9.41,0.0
77.143,9.455,0.0
77.143,9.5,0.0
77.143,9.545,0.0
77.143,9.59,0.0
77.143,9.634,0.0
77.143,9.679,0.0
77.143,9.724,0.0
77.143,9.769,0.0
77.143,9.814,0.0
77.143,9.859,0.0
77.143,9.904,0.0
77.143,9.949,0.0
77.143,9.994,0.0
77.143,10.039,0.0
77.143,10.084,0.0
77.143,10.129,0.0
77.143,10.173,0.0
77.143,10.218,0.0
77.143,10.263,0.0
77.143,10.308,0.0
77.143,10.353,0.0
77.143,10.398,0.0
77.143,10.443,0.0
77.143,10.488,0.0
77.143,10.533,0.08382308246894725
77.143,10.578,0.0
77.143,10.667,0.014025270758122743
77.143,10.712,0.11215095616864289
77.143,10.757,0.005
77.143,11.476,0.0
77.143,11.566,0.0
77.143,11.611,0.0
77.143,11.656,0.08382308246894725
77.143,11.701,0.2838230824689472
77.143,11.745,0.009690844695282953
77.143,11.79,0.0
77.143,11.835,0.0
77.143,11.88,0.0
77.143,11.925,0.0
77.143,11.97,0.0
77.143,12.015,0.0
77.143,12.06,0.11708354266669248
77.143,12.195,0.2059389444987746
77.143,12.24,0.0
77.143,12.374,0.01832819674779572
77.143,12.419,0.10258333204354081
77.143,12.464,0.005
77.143,12.509,0.6078152118036146
77.143,12.554,0.3990785534067093
77.143,12.599,0.5232705455313755
77.143,12.689,0.5843329129770615
77.143,12.734,0.4090561542031254
77.143,12.779,0.5370415871859141
77.143,13.138,0.3560833116660417
77.143,15.249,0.2738866534327418
77.143,15.563,0.17095678935145067
77.143,15.608,0.3584148652650309
77.143,15.698,0.08841023843225
77.143,15.923,0.8059817703539988
77.143,16.282,0.3167963337811026
77.143,16.686,0.3290687615876808
77.143,19.785,0.8721618022488532
77.188,8.242,0.0
77.188,8.287,0.0
77.188,8.332,0.0
77.188,8.377,0.0
77.188,8.422,0.0
77.188,8.467,0.0
77.188,8.512,0.0
77.188,8.556,0.0
77.188,8.601,0.0
77.188,8.646,0.0
77.188,8.691,0.0
77.188,8.736,0.0
77.188,8.781,0.0
77.188,8.826,0.0
77.188,8.871,0.0
77.188,8.916,0.0
77.188,8.961,0.0
77.188,9.006,0.0
77.188,9.051,0.0
77.188,9.095,0.0
77.188,9.14,0.0
77.188,9.185,0.0
77.188,9.23,0.0
77.188,9.275,0.0
77.188,9.32,0.0
77.188,9.365,0.0
77.188,9.41,0.0
77.188,9.455,0.0
77.188,9.5,0.0
77.188,9.545,0.0
77.188,9.59,0.0
77.188,9.634,0.0
77.188,9.679,0.0
77.188,9.724,0.0
77.188,9.769,0.0
77.188,9.814,0.0
77.188,9.859,0.0
77.188,9.904,0.0
77.188,9.949,0.0
77.188,9.994,0.0
77.188,10.039,0.0
77.188,10.084,0.0
77.188,10.129,0.0
77.188,10.173,0.0
77.188,10.218,0.0
77.188,10.263,0.0
77.188,10.308,0.0
77.188,10.353,0.0
77.188,10.398,0.2738230824689472
77.188,10.443,0.0
77.188,10.533,0.0
77.188,10.578,0.08864933729520207
77.188,10.712,0.09284835322706998
77.188,10.757,0.22564350570885697
77.188,10.802,0.0
77.188,10.847,0.054079596552993214
77.188,11.476,0.0
77.188,11.566,0.11232470134238806
77.188,11.611,0.0
77.188,11.656,0.0
77.188,11.701,0.0
77.188,11.745,0.0
77.188,11.79,0.0
77.188,11.835,0.0
77.188,11.88,0.0
77.188,11.925,0.0
77.188,11.97,0.0
77.188,12.015,0.004826254826254826
77.188,12.06,0.0
77.188,12.105,0.36593883176679404
77.188,12.24,0.4443966457091937
77.188,12.419,0.0
77.188,12.464,0.0
77.188,12.509,0.29784835322706993
77.188,12.554,0.08382308246894725
77.188,12.599,0.3420382409823221
77.188,12.644,0.09284835322706998
77.188,12.689,0.34130476749340394
77.188,12.734,0.5259820659057316
77.188,12.823,0.7559748849489258
77.188,13.362,0.033197228066639016
77.188,14.89,0.8335475255096881
77.188,15.608,0.0
77.188,15.653,0.7669499087763835
77.188,15.788,0.33427391599525186
77.188,15.833,0.486862866040883
77.188,15.878,0.522220944122022
77.188,15.968,0.23227800687407715
77.188,16.147,0.39915618528601987
77.188,16.551,0.22414566564067084
77.188,16.596,0.7168267430485422
77.188,19.112,0.30197753404299776
77.188,19.246,0.4761902986491222
77.188,19.381,0.1269244141285041
77.188,19.696,0.7829207930432465
77.188,20.549,0.7572206330804488
77.233,8.197,0.0
77.233,8.242,0.0
77.233,8.287,0.0
77.233,8.332,0.004302925989672977
77.233,8.377,0.0
77.233,8.422,0.0
77.233,8.467,0.0
77.233,8.512,0.0
77.233,8.556,0.0
77.233,8.601,0.0
77.233,8.646,0.0
77.233,8.691,0.0
77.233,8.736,0.0
77.233,8.781,0.0
77.233,8.826,0.0
77.233,8.871,0.0
77.233,8.916,0.0
77.233,8.961,0.0
77.233,9.006,0.0
77.233,9.095,0.0
77.233,9.14,0.0
77.233,9.185,0.13611753042764346
77.233,9.23,0.0
77.233,9.275,0.0
77.233,9.32,0.0
77.233,9.365,0.0
77.233,9.41,0.0
77.233,9.455,0.0
77.233,9.5,0.0
77.233,9.545,0.0
77.233,9.59,0.0
77.233,9.634,0.0
77.233,9.679,0.009025270758122744
77.233,9.769,0.0
77.233,9.814,0.0
77.233,9.859,0.08382308246894725
77.233,9.904,0.009025270758122744
77.233,9.949,0.0
77.233,9.994,0.0
77.233,10.039,0.0
77.233,10.084,0.0
77.233,10.129,0.0
77.233,10.173,0.0
77.233,10.218,0.0
77.233,10.263,0.0
77.233,10.308,0.0
77.233,10.353,0.023763891607196844
77.233,10.398,0.0
77.233,10.443,0.10758697407614408
77.233,10.533,0.004826254826254826
77.233,10.578,0.005
77.233,10.802,0.005
77.233,10.847,0.0
77.233,11.431,0.0
77.233,11.521,0.0
77.233,11.566,0.08382308246894725
77.233,11.611,0.0
77.233,11.656,0.0
77.233,11.701,0.0
77.233,11.745,0.0
77.233,11.79,0.0
77.233,11.835,0.009025270758122744
77.233,11.88,0.0
77.233,11.925,0.09284835322706998
77.233,11.97,0.0
77.233,12.015,0.08382308246894725
77.233,12.24,0.3994676095852392
77.233,12.464,0.09284835322706998
77.233,12.599,0.08382308246894725
77.233,12.644,0.31221564971831856
77.233,12.779,0.10234710054597194
77.233,15.204,0.4080405229864499
77.233,15.968,0.08313883262504941
77.233,19.067,0.5666959080291986
77.233,19.336,0.7149827711090281
77.233,19.381,0.08329241617701295
77.233,20.369,0.8665574175806587
77.233,20.774,0.906810702384466
77.233,20.818,0.7671536352643774
77.278,8.152,0.7130361103321495
77.278,8.197,0.0
77.278,8.242,0.0
77.278,8.287,0.0
77.278,8.332,0.0
77.278,8.377,0.0
77.278,8.422,0.0
77.278,8.467,0.0
77.278,8.512,0.0
77.278,8.556,0.0
77.278,8.601,0.0
77.278,8.646,0.0
77.278,8.691,0.0
77.278,8.736,0.0
77.278,8.781,0.0
77.278,8.826,0.0
77.278,8.871,0.0
77.278,8.916,0.0
77.278,9.051,0.0
77.278,9.095,0.0
77.278,9.14,0.0
77.278,9.185,0.0
77.278,9.23,0.0
77.278,9.275,0.0
77.278,9.32,0.0
77.278,9.365,0.0
77.278,9.41,0.0
77.278,9.455,0.0
77.278,9.5,0.0
77.278,9.545,0.0
77.278,9.59,0.0
77.278,9.634,0.0
77.278,9.679,0.0
77.278,9.769,0.0
77.278,9.904,0.0
77.278,9.949,0.0
77.278,9.994,0.0
77.278,10.039,0.0
77.278,10.084,0.0
77.278,10.129,0.0
77.278,10.173,0.0
77.278,10.218,0.0
77.278,10.263,0.0
77.278,10.308,0.0
77.278,10.353,0.0
77.278,10.398,0.0
77.278,10.847,0.09284835322706998
77.278,11.431,0.0
77.278,11.476,0.08833571784800862
77.278,11.521,0.0
77.278,11.566,0.0
77.278,11.611,0.0
77.278,11.656,0.151420164129167
77.278,11.701,0.08382308246894725
77.278,11.79,0.0
77.278,11.835,0.023501618873440835
77.278,11.925,0.7817635828524162
77.278,11.97,0.41903984394578586
77.278,12.015,0.4576499160491221
77.278,12.15,0.7979261922738974
77.278,12.195,0.6879305395850572
77.278,12.374,0.2788230824689472
77.278,12.509,0.5734425769644101
77.278,12.554,0.28341023843225
77.278,12.913,0.30167069862999524
77.278,15.743,0.19407855340670935
77.278,15.968,0.23665557107846502
77.278,16.147,0.15651425263021368
77.278,19.291,0.2138695848629511
77.278,19.336,0.3610846685106207
77.278,19.381,0.09364933729520207
77.278,19.426,0.22673740656027838
77.278,19.561,0.7896893330640536
77.278,19.651,0.8526355418864567
77.278,20.1,0.8582876878888278
77.278,20.369,0.8085989846570556
77.322,8.152,0.0
77.322,8.197,0.0
77.322,8.242,0.0
77.322,8.287,0.0
77.322,8.332,0.0
77.322,8.377,0.0
77.322,8.422,0.0
77.322,8.467,0.0
77.322,8.512,0.0
77.322,8.556,0.0
77.322,8.601,0.0
77.322,8.646,0.0
77.322,8.691,0.0
77.322,8.736,0.0
77.322,8.781,0.0
77.322,8.826,0.0
77.322,8.871,0.0
77.322,8.916,0.0
77.322,8.961,0.004512635379061372
77.322,9.006,0.0
77.322,9.051,0.0
77.322,9.095,0.0
77.322,9.14,0.0
77.322,9.185,0.0
77.322,9.23,0.0
77.322,9.275,0.0
77.322,9.32,0.0
77.322,9.365,0.0
77.322,9.41,0.0
77.322,9.455,0.0
77.322,9.5,0.0
77.322,9.545,0.0
77.322,9.59,0.0
77.322,9.634,0.0
77.322,9.679,0.0
77.322,9.724,0.0
77.322,9.769,0.018811970511602397
77.322,10.039,0.009025270758122744
77.322,10.084,0.0
77.322,10.129,0.0
77.322,10.173,0.0
77.322,10.218,0.0
77.322,10.263,0.0
77.322,10.308,0.0
77.322,10.353,0.0
77.322,10.398,0.0
77.322,10.488,0.12728954751158422
77.322,10.533,0.004826254826254826
77.322,10.892,0.0
77.322,11.386,0.08841023843225
77.322,11.431,0.0
77.322,11.476,0.02829040193942232
77.322,11.521,0.10732470134238806
77.322,11.566,0.0
77.322,11.611,0.0
77.322,11.745,0.10273754537908532
77.322,11.79,0.2838230824689472
77.322,11.88,0.6120112822938153
77.322,11.925,0.3615348139817248
77.322,11.97,0.4607819883709589
77.322,12.015,0.5229873385462614
77.322,12.06,0.5694870457642073
77.322,12.105,0.6544347946595294
77.322,12.195,0.3990785534067093
77.322,12.24,0.6783681639038507
77.322,12.374,0.7043621371586929
77.322,12.823,0.5131357507561186
77.322,12.868,0.8675513839615657
77.322,15.788,0.28907601135529537
77.322,19.246,0.7769610039419119
77.322,19.336,0.5312401105779874
77.322,19.381,0.07754103124174734
77.322,20.369,0.873457102187074
77.322,20.414,0.8471981251194909
77.367,8.107,0.6552556097651637
77.367,8.152,0.0
77.367,8.197,0.0
77.367,8.242,0.0
77.367,8.287,0.0
77.367,8.332,0.0
77.367,8.377,0.0
77.367,8.422,0.0
77.367,8.467,0.0
77.367,8.512,0.0
77.367,8.556,0.0
77.367,8.601,0.0
77.367,8.646,0.0
77.367,8.691,0.0
77.367,8.736,0.004512635379061372
77.367,8.781,0.004512635379061372
77.367,8.826,0.0
77.367,8.871,0.0
77.367,9.006,0.0
77.367,9.095,0.014401827531076715
77.367,9.185,0.0
77.367,9.23,0.0
77.367,9.275,0.004512635379061372
77.367,9.32,0.0
77.367,9.365,0.0
77.367,9.41,0.0
77.367,9.455,0.0
77.367,9.5,0.0
77.367,9.545,0.0
77.367,9.59,0.0
77.367,9.634,0.0
77.367,9.679,0.0
77.367,9.724,0.0
77.367,9.814,0.0
77.367,9.859,0.07776542457908255
77.367,9.904,0.51148982648893
77.367,9.994,0.009025270758122744
77.367,10.039,0.08382308246894725
77.367,10.084,0.0
77.367,10.129,0.0
77.367,10.173,0.0
77.367,10.218,0.0
77.367,10.263,0.0
77.367,10.308,0.0
77.367,10.353,0.0
77.367,10.398,0.13671761153010123
77.367,10.488,0.0
77.367,10.533,0.20145304037617356
77.367,10.623,0.08833571784800862
77.367,10.892,0.2854372878271899
77.367,10.937,0.09284835322706998
77.367,11.027,0.17241594335962745
77.367,11.431,0.0
77.367,11.476,0.0
77.367,11.566,0.0
77.367,11.611,0.0
77.367,11.656,0.0
77.367,11.701,0.6024578714742436
77.367,11.745,0.0
77.367,11.79,0.0
77.367,11.835,0.09341023843224999
77.367,11.88,0.11243315457228348
77.367,11.925,0.5189806050921814
77.367,11.97,0.6205383334633401
77.367,12.06,0.5638108591144598
77.367,12.195,0.6735224975470117
77.367,12.24,0.5849144448684641
77.367,12.329,0.8021423959391362
77.367,12.464,0.728149555890599
77.367,12.644,0.09284835322706998
77.367,15.743,0.20597005207945485
77.367,15.833,0.5413802332421301
77.367,15.968,0.19407855340670935
77.367,16.372,0.09284835322706998
77.367,19.291,0.018545825833413652
77.367,19.336,0.004826254826254826
77.367,19.381,0.004826254826254826
77.367,20.414,0.9084943742667762
77.367,20.639,0.8878741837228946
77.412,8.152,0.0
77.412,8.197,0.0
77.412,8.242,0.0
77.412,8.287,0.0
77.412,8.332,0.004302925989672977
77.412,8.377,0.0
77.412,8.422,0.0
77.412,8.467,0.0
77.412,8.512,0.0
77.412,8.556,0.0
77.412,8.601,0.0
77.412,8.691,0.06845463003596963
77.412,8.736,0.07312969335548411
77.412,8.781,0.023620456425917133
77.412,9.14,0.08833571784800862
77.412,9.23,0.08382308246894725
77.412,9.275,0.0
77.412,9.32,0.004512635379061372
77.412,9.365,0.0
77.412,9.41,0.0
77.412,9.455,0.0
77.412,9.5,0.0
77.412,9.545,0.0
77.412,9.59,0.0
77.412,9.634,0.0
77.412,9.679,0.0
77.412,9.724,0.0
77.412,9.814,0.1077885304211557
77.412,9.859,0.1023049984940548
77.412,9.949,0.0
77.412,9.994,0.0
77.412,10.084,0.0
77.412,10.129,0.0
77.412,10.173,0.0
77.412,10.218,0.0
77.412,10.263,0.0
77.412,10.308,0.0
77.412,10.353,0.0
77.412,10.398,0.09786450115835323
77.412,10.443,0.49626852626579754
77.412,10.623,0.16655023089265694
77.412,10.667,0.156599822324361
77.412,10.892,0.35631058182035014
77.412,11.431,0.0
77.412,11.476,0.0
77.412,11.521,0.0
77.412,11.566,0.0
77.412,11.611,0.0
77.412,11.656,0.0
77.412,11.701,0.0
77.412,11.79,0.0
77.412,11.835,0.1514151517418345
77.412,11.88,0.4140561542031254
77.412,11.925,0.5832879598342029
77.412,11.97,0.8120714180211551
77.412,12.105,0.5872127041489685
77.412,12.15,0.6788375762080932
77.412,12.24,0.5539091675568686
77.412,12.599,0.0
77.412,12.644,0.0
77.412,12.689,0.0
77.412,12.734,0.0
77.412,13.273,0.09284835322706998
77.412,15.743,0.08881025830251806
77.412,15.788,0.0
77.412,19.201,0.004826254826254826
77.412,19.246,0.004826254826254826
77.412,19.291,0.005
77.457,8.107,0.0
77.457,8.152,0.0
77.457,8.197,0.0
77.457,8.242,0.0
77.457,8.287,0.0
77.457,8.332,0.0
77.457,8.377,0.0
77.457,8.422,0.0
77.457,8.467,0.0
77.457,8.512,0.0
77.457,8.556,0.0
77.457,8.601,0.0
77.457,8.646,0.0
77.457,8.736,0.0
77.457,8.781,0.05330592294489511
77.457,8.916,0.014401827531076715
77.457,9.23,0.39127672612514935
77.457,9.32,0.08382308246894725
77.457,9.41,0.0
77.457,9.455,0.0
77.457,9.5,0.0
77.457,9.545,0.00493339911198816
77.457,9.59,0.0
77.457,9.634,0.0
77.457,9.679,0.0
77.457,9.724,0.0
77.457,9.769,0.0
77.457,9.814,0.0
77.457,9.859,0.08382308246894725
77.457,10.039,0.0
77.457,10.084,0.0
77.457,10.129,0.0
77.457,10.173,0.0
77.457,10.218,0.0
77.457,10.263,0.0
77.457,10.308,0.0
77.457,10.353,0.0
77.457,10.398,0.0
77.457,10.488,0.13671761153010123
77.457,10.623,0.08382308246894725
77.457,10.667,0.01836637267661984
77.457,11.431,0.0
77.457,11.476,0.0
77.457,11.521,0.0
77.457,11.566,0.0
77.457,11.611,0.0
77.457,11.656,0.0
77.457,11.745,0.0
77.457,11.79,0.1807546621164197
77.457,11.835,0.7397734710814877
77.457,11.88,0.7317356712660722
77.457,11.925,0.5083512344628108
77.457,12.015,0.5776801536750695
77.457,12.105,0.7965209879932172
77.457,12.15,0.6680080867375052
77.457,12.195,0.812975836921123
77.457,12.284,0.7776413794263988
77.457,12.374,0.3214822424635431
77.457,15.788,0.0
77.457,15.923,0.19838147939638234
77.457,15.968,0.836748672384879
77.457,16.372,0.004826254826254826
77.457,19.246,0.07736728606800218
77.457,19.291,0.009025270758122744
77.457,19.651,0.6622682908374962
77.457,19.696,0.31832244019495115
77.502,8.107,0.0
77.502,8.152,0.0
77.502,8.197,0.0
77.502,8.242,0.004512635379061372
77.502,8.287,0.0
77.502,8.332,0.0
77.502,8.377,0.0
77.502,8.422,0.0
77.502,8.467,0.0
77.502,8.512,0.0
77.502,8.556,0.0
77.502,8.601,0.0
77.502,8.736,0.12108039942249535
77.502,8.871,0.10304925748794261
77.502,8.916,0.004512635379061372
77.502,9.365,0.08382308246894725
77.502,9.41,0.2738230824689472
77.502,9.455,0.13220497615103985
77.502,9.5,0.0
77.502,9.545,0.0
77.502,9.59,0.0
77.502,9.634,0.0
77.502,9.679,0.0
77.502,9.724,0.0
77.502,9.769,0.0
77.502,9.814,0.0
77.502,9.859,0.013936862113721957
77.502,9.904,0.20616076568916142
77.502,9.994,0.004302925989672977
77.502,10.084,0.0
77.502,10.129,0.0
77.502,10.173,0.0
77.502,10.218,0.0
77.502,10.263,0.0
77.502,10.308,0.0
77.502,10.353,0.0
77.502,10.398,0.0
77.502,10.443,0.0
77.502,10.488,0.07776542457908255
77.502,10.623,0.0
77.502,11.206,0.8484007834901268
77.502,11.386,0.0
77.502,11.431,0.0
77.502,11.476,0.08382308246894725
77.502,11.521,0.0
77.502,11.566,0.00493339911198816
77.502,11.611,0.0
77.502,11.656,0.0
77.502,11.701,0.0
77.502,11.745,0.17575466211641974
77.502,11.79,0.00493339911198816
77.502,11.835,0.0
77.502,11.88,0.16577259754886292
77.502,11.925,0.3220203105355863
77.502,11.97,0.08382308246894725
77.502,12.15,0.6767830735553924
77.502,12.24,0.768628129206942
77.502,12.284,0.6855155577788234
77.502,12.329,0.5718484650583279
77.502,12.374,0.7615749865506278
77.502,12.509,0.17041567643067382
77.502,12.554,0.3023049984940548
77.502,12.644,0.3560849080213499
77.502,12.868,0.5676785095235573
77.502,15.159,0.6913617445770238
77.502,15.743,0.09284835322706998
77.502,15.923,0.4016749070190928
77.502,15.968,0.7729363894301535
77.502,16.866,0.7974925645498143
77.502,18.887,0.6999341518290888
77.502,19.246,0.0
77.502,19.651,0.5666608882681367
77.502,19.696,0.34280048311514244
77.502,20.459,0.7918740887937687
77.502,20.504,0.8812893666532361
77.547,8.017,0.6552556097651637
77.547,8.107,0.0
77.547,8.152,0.0
77.547,8.197,0.009424226734660585
77.547,8.287,0.0
77.547,8.377,0.014401827531076715
77.547,8.422,0.0
77.547,8.512,0.0
77.547,8.556,0.0
77.547,8.601,0.0
77.547,8.646,0.0
77.547,8.691,0.0
77.547,8.826,0.5266640809448226
77.547,8.916,0.25960669252814517
77.547,9.41,0.004512635379061372
77.547,9.5,0.0
77.547,9.545,0.0
77.547,9.59,0.0
77.547,9.634,0.0
77.547,9.679,0.0
77.547,9.724,0.0
77.547,9.769,0.0
77.547,9.814,0.0
77.547,9.859,0.0
77.547,10.173,0.0
77.547,10.218,0.0
77.547,10.263,0.0
77.547,10.308,0.0
77.547,10.353,0.0
77.547,10.398,0.0
77.547,10.443,0.07276542457908254
77.547,10.757,0.08382308246894725
77.547,11.117,0.28873121126604845
77.547,11.341,0.01896544795220846
77.547,11.431,0.08833571784800862
77.547,11.476,0.0
77.547,11.521,0.0
77.547,11.566,0.0
77.547,11.611,0.3068921544573576
77.547,11.656,0.0
77.547,11.701,0.0
77.547,11.745,0.0
77.547,11.79,0.0
77.547,11.835,0.08194951507991569
77.547,11.88,0.0
77.547,11.925,0.0
77.547,11.97,0.2838230824689472
77.547,12.015,0.0
77.547,12.06,0.08382308246894725
77.547,12.105,0.2838230824689472
77.547,12.15,0.46974116235947455
77.547,12.24,0.7319204013958602
77.547,12.284,0.48152598489152704
77.547,12.329,0.7164395830099629
77.547,12.374,0.7468034483893142
77.547,12.554,0.3990785534067093
77.547,12.599,0.5094852046191991
77.547,12.644,0.7711342122230456
77.547,12.689,0.6084319095934605
77.547,12.779,0.5531761491933777
77.547,15.788,0.5378182221032956
77.547,15.923,0.47539293219242906
77.547,15.968,0.8416936881967869
77.547,16.327,0.0
77.547,18.842,0.6666562376925249
77.547,18.887,0.8334990835727271
77.547,19.246,0.0
77.547,19.561,0.6734875309668652
77.547,19.74,0.7221202887621668
77.547,19.875,0.2610839938900582
77.547,19.92,0.3886741498389458
77.547,19.965,0.2038824090293803
77.547,20.549,0.791835812638396
77.592,8.017,0.7074067397027788
77.592,8.601,0.0
77.592,9.5,0.13220497615103985
77.592,9.545,0.024190144420223093
77.592,9.59,0.0
77.592,9.634,0.0
77.592,9.679,0.0
77.592,9.724,0.0
77.592,9.769,0.0
77.592,9.814,0.009025270758122744
77.592,9.859,0.0
77.592,10.039,0.42107628870446057
77.592,10.129,0.08833571784800862
77.592,10.173,0.0
77.592,10.218,0.0
77.592,10.263,0.0
77.592,10.308,0.0
77.592,10.353,0.0
77.592,10.398,0.0
77.592,10.488,0.004826254826254826
77.592,10.847,0.08833571784800862
77.592,11.117,0.0
77.592,11.431,0.009520555075290912
77.592,11.476,0.0
77.592,11.521,0.5822493295578188
77.592,11.656,0.0
77.592,11.701,0.0
77.592,11.79,0.0
77.592,11.835,0.0
77.592,11.88,0.0
77.592,11.925,0.3907546621164197
77.592,11.97,0.16577259754886292
77.592,12.015,0.08194951507991569
77.592,12.06,0.0
77.592,12.105,0.08382308246894725
77.592,12.15,0.08841023843225
77.592,12.24,0.4190337549995416
77.592,12.284,0.2553868432461847
77.592,12.329,0.6178196755747553
77.592,12.599,0.4735063385324025
77.592,12.644,0.7415881373845294
77.592,12.779,0.2762685262657974
77.592,16.012,0.7480972170664996
77.592,16.327,0.09271316442192297
77.592,19.561,0.7274006077498837
77.592,19.651,0.46059066423937545
77.592,20.504,0.4825780975611645
77.592,20.729,0.6015068853769495
77.637,8.332,0.08382308246894725
77.637,8.691,0.09802304685608303
77.637,9.5,0.386978681152485
77.637,9.59,0.0
77.637,9.679,0.0
77.637,9.724,0.0
77.637,9.769,0.052894529061154015
77.637,9.859,0.0
77.637,9.904,0.0
77.637,9.949,0.20088323860695229
77.637,10.039,0.0
77.637,10.084,0.0
77.637,10.173,0.0
77.637,10.218,0.0
77.637,10.263,0.0
77.637,10.308,0.0
77.637,10.353,0.0
77.637,10.398,0.0
77.637,10.443,0.09786450115835323
77.637,10.488,0.018805411286068597
77.637,11.296,0.014033190454352282
77.637,11.476,0.0
77.637,11.701,0.2376499160491221
77.637,11.745,0.0
77.637,11.79,0.0
77.637,11.835,0.0
77.637,11.88,0.0
77.637,11.925,0.08194951507991569
77.637,12.015,0.08382308246894725
77.637,12.105,0.0
77.637,12.15,0.0
77.637,12.24,0.36783761100719836
77.637,12.284,0.38437819328395334
77.637,12.329,0.08382308246894725
77.637,12.374,0.4329872634326153
77.637,12.419,0.0
77.637,12.464,0.6380096626361991
77.637,12.509,0.0
77.637,12.644,0.3187640047626575
77.637,14.755,0.6284171543712611
77.637,15.024,0.8322442577137178
77.637,15.698,0.19407855340670935
77.637,15.743,0.23385593519841122
77.637,15.833,0.7377926340508602
77.637,16.372,0.33590311539344664
77.637,18.752,0.6973262282134287
77.637,19.606,0.0919098434188173
77.637,19.92,0.4656778946137083
77.682,8.736,0.0
77.682,9.32,0.03353410136613874
77.682,9.59,0.4210642225490998
77.682,9.634,0.2217670141822477
77.682,9.724,0.0
77.682,9.769,0.014041418689405984
77.682,9.904,0.00493339911198816
77.682,9.949,0.0
77.682,10.039,0.0
77.682,10.084,0.0
77.682,10.173,0.0
77.682,10.218,0.0
77.682,10.263,0.0
77.682,10.308,0.0
77.682,10.353,0.0
77.682,10.398,0.0
77.682,10.443,0.0
77.682,10.847,0.06801946258482912
77.682,11.027,0.07748362945791495
77.682,11.072,0.0
77.682,11.206,0.004512635379061372
77.682,11.251,0.0
77.682,11.476,0.15202219072393025
77.682,11.566,0.32255655907712105
77.682,11.745,0.17694515992759421
77.682,11.79,0.08841023843225
77.682,11.835,0.19905615420312547
77.682,12.105,0.0
77.682,12.24,0.15410967889314797
77.682,12.284,0.11523307173417816
77.682,12.329,0.451050574931635
77.682,12.419,0.08841023843225
77.682,13.362,0.2581036618387757
77.682,13.452,0.2588230824689472
77.682,13.497,0.48291413410549583
77.682,15.024,0.3724898349852432
77.682,15.698,0.35789506584411007
77.682,15.878,0.553170873906343
77.682,15.968,0.5245806799137335
77.682,16.282,0.654404375487671
77.682,18.348,0.4138824090293803
77.682,19.381,0.596532552189138
77.682,19.471,0.37191763202125505
77.682,19.516,0.3006921205710178
77.682,19.561,0.44183791377656045
77.682,19.875,0.6609918431017276
77.727,8.017,0.7585043542077812
77.727,8.062,0.7585043542077812
77.727,8.736,0.004302925989672977
77.727,9.679,0.09786450115835323
77.727,9.724,0.0
77.727,9.769,0.0533152927940808
77.727,9.904,0.014041418689405984
77.727,9.949,0.0
77.727,9.994,0.0
77.727,10.039,0.13671761153010123
77.727,10.173,0.0
77.727,10.218,0.0
77.727,10.263,0.0
77.727,10.308,0.0
77.727,10.353,0.0
77.727,10.398,0.0
77.727,10.443,0.03902749210367668
77.727,10.488,0.19677451398673135
77.727,10.533,0.34260707593213063
77.727,10.578,0.6629205076920652
77.727,10.847,0.019226175018995387
77.727,11.027,0.0
77.727,11.072,0.0
77.727,11.117,0.0
77.727,11.162,0.0
77.727,11.206,0.004512635379061372
77.727,11.251,0.0
77.727,11.386,0.004512635379061372
77.727,11.611,0.004512635379061372
77.727,11.656,0.052894529061154015
77.727,11.701,0.0
77.727,11.745,0.0
77.727,11.97,0.46683436708852716
77.727,12.284,0.20405615420312548
77.727,12.329,0.2595561755885077
77.727,12.419,0.1973903881397175
77.727,12.823,0.4752354972760235
77.727,14.216,0.7525206133591925
77.727,14.8,0.6535853848702162
77.727,15.563,0.7636490894586268
77.727,15.833,0.1173533363473773
77.727,15.923,0.5400625782512027
77.727,16.147,0.5839235357552593
77.727,16.192,0.7403150740062512
77.727,18.213,0.642102374452977
77.727,18.483,0.5139676195417026
77.727,18.528,0.009129180815927803
77.727,18.573,0.004302925989672977
77.727,18.842,0.19407855340670935
77.727,19.561,0.30214945210897254
77.727,19.83,0.41144147052560365
77.727,19.875,0.484823418935461
77.727,20.549,0.4383058548828302
77.727,20.684,0.6569234951187327
77.772,8.062,0.7515135806988849
77.772,8.107,0.6552556097651637
77.772,8.781,0.0
77.772,10.039,0.009025270758122744
77.772,10.084,0.5980212922264555
77.772,10.129,0.11382308246894725
77.772,10.218,0.0
77.772,10.263,0.028610072103336263
77.772,10.308,0.0
77.772,10.353,0.0
77.772,10.398,0.0
77.772,10.443,0.0
77.772,10.533,0.09819455564484804
77.772,10.578,0.584368206615138
77.772,11.027,0.0
77.772,11.072,0.0874076587207174
77.772,11.117,0.0
77.772,11.162,0.0
77.772,11.206,0.0
77.772,11.251,0.004512635379061372
77.772,11.341,0.0
77.772,11.701,0.014041418689405984
77.772,11.745,0.0
77.772,11.79,0.0
77.772,11.97,0.5727360827823116
77.772,12.195,0.2975744945095642
77.772,12.24,0.11523307173417816
77.772,12.284,0.11523307173417816
77.772,12.329,0.11523307173417816
77.772,12.374,0.2783851579088805
77.772,12.464,0.5834455812253261
77.772,12.958,0.0731040141979637
77.772,13.003,0.17071425499562587
77.772,15.923,0.27040924244976855
77.772,16.282,0.5979058039221439
77.772,16.327,0.3990785534067093
77.772,16.596,0.16691575457225966
77.772,16.641,0.2230369804559602
77.772,16.686,0.0
77.772,16.956,0.7719247102586085
77.772,18.124,0.7305300518229433
77.772,18.483,0.0
77.772,18.528,0.4238824090293803
77.772,18.618,0.0
77.772,19.381,0.4319552034301377
77.772,19.426,0.1727713646174079
77.772,19.471,0.6663119485661255
77.772,19.516,0.3628039611376602
77.772,19.83,0.02392238260636763
77.817,8.062,0.6552556097651637
77.817,8.107,0.6552556097651637
77.817,8.646,0.004512635379061372
77.817,8.736,0.0
77.817,8.781,0.0
77.817,10.039,0.0
77.817,10.084,0.08833571784800862
77.817,10.129,0.3025869740761441
77.817,10.263,0.0
77.817,10.308,0.014041418689405984
77.817,10.353,0.052894529061154015
77.817,10.398,0.0
77.817,10.488,0.5057807375978614
77.817,10.847,0.08833571784800862
77.817,11.072,0.08833571784800862
77.817,11.117,0.0
77.817,11.162,0.08382308246894725
77.817,11.206,0.08833571784800862
77.817,11.251,0.0
77.817,11.296,0.0
77.817,11.521,0.004587155963302752
77.817,11.745,0.004587155963302752
77.817,12.15,0.24276545939760985
77.817,12.195,0.0
77.817,12.24,0.0
77.817,12.284,0.004587155963302752
77.817,12.329,0.0
77.817,12.374,0.07883590663537643
77.817,12.419,0.5168143559601742
77.817,12.509,0.32224800279032645
77.817,12.913,0.0
77.817,14.665,0.27841023843224993
77.817,14.934,0.5144092338820015
77.817,15.923,0.8485873047565958
77.817,15.968,0.20034068145008418
77.817,18.213,0.4951967878151
77.817,18.438,0.5810694576221698
77.817,18.483,0.08382308246894725
77.817,18.618,0.08382308246894725
77.817,18.663,0.4090657292402801
77.817,19.426,0.7562160539629765
77.817,19.516,0.5608296725862238
77.817,20.1,0.43060123676314527
77.817,20.594,0.9017224064407316
77.817,20.639,0.6074497520058424
77.861,8.197,0.7060453368232531
77.861,9.904,0.4280276911015782
77.861,9.949,0.0
77.861,9.994,0.20672054552505809
77.861,10.084,0.08382308246894725
77.861,10.129,0.5487376913716894
77.861,10.398,0.06848457284846617
77.861,10.578,0.0
77.861,10.847,0.0
77.861,11.072,0.08382308246894725
77.861,11.117,0.0
77.861,11.162,0.0
77.861,11.206,0.0
77.861,11.251,0.0
77.861,11.296,0.41647706658579714
77.861,11.745,0.18639128563313734
77.861,11.79,0.08833571784800862
77.861,11.97,0.20835208854907447
77.861,12.06,0.7975751062256279
77.861,12.195,0.3284269122744005
77.861,12.24,0.0
77.861,12.284,0.0
77.861,12.329,0.0
77.861,12.374,0.0
77.861,12.419,0.08382308246894725
77.861,12.464,0.029101735775822302
77.861,14.081,0.7561341926629602
77.861,15.878,0.5332170619003559
77.861,15.923,0.0
77.861,15.968,0.21856042955823404
77.861,16.147,0.09743550919037273
77.861,16.327,0.18322765441142547
77.861,16.372,0.0
77.861,18.213,0.2088824090293803
77.861,18.348,0.09338783922866613
77.861,18.393,0.3912456172643038
77.861,18.438,0.29364933729520204
77.861,18.483,0.08841023843225
77.861,18.528,0.0
77.861,18.573,0.08382308246894725
77.861,18.618,0.08382308246894725
77.861,18.663,0.0
77.861,18.707,0.3946415527615423
77.861,18.797,0.3881974960361195
77.861,19.696,0.21569352113262064
77.861,19.875,0.24776545939760983
77.861,20.055,0.6365373625954875
77.861,20.684,0.6514970532204252
77.906,8.062,0.7849355853530541
77.906,8.107,0.6552556097651637
77.906,8.332,0.013727152724333563
77.906,8.601,0.0
77.906,8.646,0.0
77.906,8.691,0.20542685857650855
77.906,9.455,0.21163213688065727
77.906,9.949,0.07776542457908255
77.906,9.994,0.01836637267661984
77.906,10.084,0.0
77.906,10.129,0.00493339911198816
77.906,10.398,0.6235653263264818
77.906,10.802,0.09292287381131137
77.906,11.117,0.0
77.906,11.162,0.0
77.906,11.206,0.0
77.906,12.015,0.22499281668444368
77.906,12.195,0.0
77.906,12.24,0.03331277141512676
77.906,12.284,0.004587155963302752
77.906,12.329,0.0
77.906,12.374,0.0
77.906,12.419,0.0
77.906,12.464,0.0
77.906,12.509,0.0
77.906,13.812,0.7524398243673067
77.906,14.53,0.8832869564789124
77.906,14.8,0.004587155963302752
77.906,14.845,0.478430367795205
77.906,15.923,0.11681618372016005
77.906,16.057,0.48356023694346584
77.906,16.282,0.3589414711877026
77.906,18.213,0.4040785534067093
77.906,18.258,0.22356042955823405
77.906,18.303,0.35172407465845984
77.906,18.348,0.28841023843225
77.906,18.393,0.03902749210367668
77.906,18.438,0.28841023843225
77.906,18.528,0.10753051007346036
77.906,18.573,0.0
77.906,18.618,0.0
77.906,18.707,0.0
77.906,18.752,0.0
77.906,19.067,0.08382308246894725
77.906,19.112,0.5047707353448183
77.906,19.201,0.623361411940883
77.906,19.246,0.6717558731280533
77.951,8.062,0.5768867571953701
77.951,8.377,0.12683917932903385
77.951,8.601,0.008815561368734348
77.951,8.646,0.08798622499222347
77.951,9.365,0.3364251390566182
77.951,9.41,0.03333934439989822
77.951,9.994,0.08382308246894725
77.951,10.039,0.0
77.951,10.129,0.0
77.951,10.173,0.0
77.951,10.218,0.0
77.951,10.263,0.018914462910138086
77.951,10.308,0.5229460655926459
77.951,10.398,0.5987836701127146
77.951,11.117,0.0
77.951,12.015,0.6279114831692378
77.951,12.24,0.3433792580574549
77.951,12.284,0.0
77.951,12.329,0.08382308246894725
77.951,12.374,0.0
77.951,12.419,0.0
77.951,12.509,0.19919574090670936
77.951,12.644,0.009025270758122744
77.951,12.779,0.7474398243673067
77.951,13.362,0.7226526621298562
77.951,14.171,0.7981473180937761
77.951,14.934,0.6192550300391407
77.951,15.878,0.24285394592783305
77.951,15.968,0.7791666525742842
77.951,16.192,0.6390381817382369
77.951,16.327,0.6336053051889414
77.951,17.405,0.3679426208934975
77.951,18.528,0.0
77.951,18.573,0.0
77.951,18.618,0.2932364932585048
77.951,18.663,0.0
77.951,18.707,0.08382308246894725
77.951,18.752,0.09323649325850482
77.951,18.842,0.1989048082329642
77.951,19.246,0.19905615420312547
77.951,20.19,0.5112290107788657
77.996,8.107,0.6552556097651637
77.996,8.197,0.7007238536407954
77.996,8.242,0.4479070248226114
77.996,8.467,0.0
77.996,8.601,0.014002871554538871
77.996,8.646,0.0
77.996,9.006,0.4279750808844042
77.996,9.994,0.0
77.996,10.039,0.08382308246894725
77.996,10.084,0.09786450115835323
77.996,10.129,0.0
77.996,10.173,0.0
77.996,10.218,0.0
77.996,10.263,0.0
77.996,10.308,0.5291459466206083
77.996,10.578,0.8081694672938166
77.996,10.937,0.35871648309617826
77.996,11.027,0.0
77.996,11.072,0.013936862113721957
77.996,11.162,0.014041418689405984
77.996,11.88,0.4682498634358128
77.996,11.925,0.4116113720434248
77.996,12.015,0.586199979708021
77.996,12.195,0.5165997815337866
77.996,12.374,0.0
77.996,16.147,0.08382308246894725
77.996,16.417,0.6028376110071985
77.996,18.079,0.5776585892048322
77.996,18.124,0.09341023843224999
77.996,18.348,0.0
77.996,18.393,0.004587155963302752
77.996,18.438,0.43975747261681414
77.996,18.528,0.08382308246894725
77.996,18.618,0.0
77.996,18.707,0.08882308246894725
77.996,18.797,0.08382308246894725
77.996,19.022,0.7357068337092584
77.996,19.067,0.20907855340670933
77.996,19.112,0.24975747261681405
77.996,19.246,0.1491953802486548
77.996,20.684,0.8780007999839209
